route_name,direction,leg,mode,plate_no,depart,arrive,weekday,hour,dist_km,span_km,cover_pct,full,minutes,speed_kmh,n_obs
1005,반석역->오송역,전구간,CITY_BUS,세종70자1751,2026-10-09T22:59:01,2026-10-09T23:44:54,Fri,22,22.641,37.432,60.5,0,45.9,29.61,99
1005,반석역->오송역,전구간,CITY_BUS,세종70자1753,2026-10-09T22:59:01,2026-10-09T23:21:43,Fri,22,13.881,37.432,37.1,0,22.7,36.69,109
1005,오송역->반석역,전구간,CITY_BUS,세종70자1743,2026-10-09T22:59:01,2026-10-09T23:53:58,Fri,22,32.093,37.557,85.5,0,55.0,35.04,110
1005,오송역->반석역,전구간,CITY_BUS,세종70자1746,2026-10-09T22:59:01,2026-10-09T23:31:17,Fri,22,20.886,37.557,55.6,0,32.3,38.84,97
B1,대전역~오송역 왕복,가는 편,BRT_LOW,대전75자9930,2026-10-09T22:59:03,2026-10-09T23:14:29,Fri,22,13.958,51.858,26.9,0,15.4,54.26,31
B4,반석역->오송역,전구간,BRT_HIGH,세종70자1702,2026-10-09T22:59:03,2026-10-09T23:26:19,Fri,22,21.843,33.214,65.8,0,27.3,48.07,74
B4,오송역->반석역,전구간,BRT_HIGH,세종70자1701,2026-10-09T22:59:03,2026-10-09T23:33:09,Fri,22,25.569,32.906,77.7,0,34.1,44.99,77
B4,오송역->반석역,전구간,BRT_HIGH,세종70자1704,2026-10-09T22:59:03,2026-10-09T23:20:10,Fri,22,15.259,32.906,46.4,0,21.1,43.36,50
B4,반석역->오송역,전구간,BRT_HIGH,세종70자1707,2026-10-09T22:59:34,2026-10-09T23:42:55,Fri,22,32.768,33.214,98.7,1,43.4,45.35,106
B4,오송역->반석역,전구간,BRT_HIGH,세종70자1706,2026-10-09T23:06:44,2026-10-09T23:46:30,Fri,23,32.699,32.906,99.4,1,39.8,49.34,124
B4,반석역->오송역,전구간,BRT_HIGH,세종70자1708,2026-10-09T23:14:29,2026-10-09T23:54:11,Fri,23,32.715,33.214,98.5,1,39.7,49.44,163
B7,비하->집현동,전구간,OTHER,세종73자5643,2026-10-09T23:15:20,2026-10-09T23:55:18,Fri,23,11.73,42.158,27.8,0,40.0,17.61,79
B7,비하->집현동,전구간,OTHER,세종73자5644,2026-10-09T23:15:20,2026-10-10T00:20:20,Fri,23,33.62,42.158,79.7,0,65.0,31.03,127
B7,비하->집현동,전구간,OTHER,세종73자5645,2026-10-09T23:15:20,2026-10-10T00:36:45,Fri,23,41.613,42.158,98.7,1,81.4,30.67,159
B0터미널,1,전구간,OTHER,세종70자1505,2026-10-09T23:15:20,2026-10-09T23:32:43,Fri,23,11.107,23.301,47.7,0,17.4,38.34,50
B0터미널,1,전구간,OTHER,세종70자1507,2026-10-09T23:15:20,2026-10-09T23:41:55,Fri,23,16.74,23.301,71.8,0,26.6,37.78,66
B0터미널,2,전구간,OTHER,세종70자1305,2026-10-09T23:15:20,2026-10-09T23:36:18,Fri,23,12.931,23.378,55.3,0,21.0,37.0,72
B0터미널,2,전구간,OTHER,세종70자1506,2026-10-09T23:15:20,2026-10-09T23:48:04,Fri,23,20.577,23.378,88.0,0,32.7,37.72,88
B5,1,전구간,OTHER,세종70자1344,2026-10-09T23:15:20,2026-10-10T00:01:29,Fri,23,20.034,23.426,85.5,0,46.1,26.05,109
B5,2,전구간,OTHER,세종70자1343,2026-10-09T23:15:20,2026-10-09T23:54:16,Fri,23,19.272,23.389,82.4,0,38.9,29.7,97
B4,오송역->반석역,전구간,BRT_HIGH,세종70자1705,2026-10-09T23:22:44,2026-10-10T00:02:26,Fri,23,32.655,32.906,99.2,1,39.7,49.35,117
B1,대전역~오송역 왕복,오는 편,BRT_LOW,대전75자9926,2026-10-09T23:24:47,2026-10-10T00:04:29,Fri,23,18.216,52.412,34.8,0,39.7,27.53,78
B2,오송역->반석네거리,전구간,BRT_HIGH,세종70자1726,2026-10-09T23:25:18,2026-10-10T00:00:22,Fri,23,32.697,32.88,99.4,1,35.1,55.95,88
B0터미널,2,전구간,OTHER,세종70자1510,2026-10-09T23:27:05,2026-10-10T00:06:05,Fri,23,22.662,23.378,96.9,1,39.0,34.86,96
B4,반석역->오송역,전구간,BRT_HIGH,세종70자1704,2026-10-09T23:31:06,2026-10-10T00:09:08,Fri,23,32.672,33.214,98.4,1,38.0,51.54,148
B2,오송역->반석네거리,전구간,BRT_HIGH,세종70자1727,2026-10-09T23:35:44,2026-10-10T00:13:47,Fri,23,32.545,32.88,99.0,1,38.0,51.32,147
B1,대전역~오송역 왕복,오는 편,BRT_LOW,대전75자9927,2026-10-09T23:38:17,2026-10-10T00:05:31,Fri,23,14.396,52.412,27.5,0,27.2,31.72,54
B0순환,외선,전구간,OTHER,세종70자1512,2026-10-09T23:43:58,2026-10-10T00:22:22,Fri,23,21.744,23.503,92.5,1,38.4,33.98,75
B4,반석역->오송역,전구간,BRT_HIGH,세종70자1701,2026-10-09T23:47:00,2026-10-10T00:27:46,Fri,23,32.759,33.214,98.6,1,40.8,48.21,88
B2,오송역->반석네거리,전구간,BRT_HIGH,세종70자1714,2026-10-09T23:55:44,2026-10-10T00:35:27,Fri,23,32.622,32.88,99.2,1,39.7,49.28,104
B0순환,외선,전구간,OTHER,세종70자1355,2026-10-09T23:56:51,2026-10-10T00:35:42,Fri,23,21.719,23.503,92.4,1,38.9,33.54,76
B4,오송역->반석역,전구간,BRT_HIGH,세종70자1707,2026-10-09T23:57:48,2026-10-10T00:36:59,Fri,23,32.703,32.906,99.4,1,39.2,50.08,102
B4,반석역->오송역,전구간,BRT_HIGH,세종70자1703,2026-10-09T23:58:20,2026-10-10T00:34:56,Fri,23,32.653,33.214,98.3,1,36.6,53.53,95
B0순환,외선,전구간,OTHER,세종70자1509,2026-10-10T00:14:39,2026-10-10T00:39:50,Sat,0,16.333,23.503,69.5,0,25.2,38.91,50
B2,오송역->반석네거리,전구간,BRT_HIGH,세종70자1729,2026-10-10T00:15:56,2026-10-10T00:46:46,Sat,0,25.875,32.88,78.7,0,30.8,50.35,68
B0터미널,1,전구간,OTHER,세종70자1304,2026-10-10T00:17:46,2026-10-10T00:39:50,Sat,0,16.856,23.301,72.3,0,22.1,45.83,44
B2,오송역->반석네거리,전구간,BRT_HIGH,세종70자1728,2026-10-10T00:26:14,2026-10-10T00:46:46,Sat,0,16.628,32.88,50.6,0,20.5,48.59,44
B1,대전역~오송역 왕복,가는 편,BRT_LOW,대전75자9914,2026-10-10T00:30:20,2026-10-10T00:46:46,Sat,0,13.535,51.858,26.1,0,16.4,49.42,33
B2,오송역->반석네거리,전구간,BRT_HIGH,세종70자1338,2026-10-10T00:35:58,2026-10-10T00:46:46,Sat,0,11.944,32.88,36.3,0,10.8,66.36,28
B1,대전역~오송역 왕복,오는 편,BRT_LOW,대전75자9936,2026-10-10T10:41:03,2026-10-10T11:04:59,Sat,10,10.784,52.412,20.6,0,23.9,27.04,59
B3,세종터미널->청주공항,전구간,BRT_LOW,충북70자5130,2026-10-10T10:41:03,2026-10-10T11:02:51,Sat,10,15.119,49.053,30.8,0,21.8,41.61,47
B3,청주공항->세종터미널,전구간,BRT_LOW,충북70자2008,2026-10-10T10:41:03,2026-10-10T10:59:08,Sat,10,10.889,49.866,21.8,0,18.1,36.13,36
B7,집현동->비하,전구간,OTHER,세종73자5646,2026-10-10T10:41:03,2026-10-10T11:31:44,Sat,10,20.768,41.814,49.7,0,50.7,24.59,96
B7,집현동->비하,전구간,OTHER,세종73자5647,2026-10-10T10:41:03,2026-10-10T11:36:32,Sat,10,29.352,41.814,70.2,0,55.5,31.74,105
B7,비하->집현동,전구간,OTHER,충북70자7076,2026-10-10T10:41:03,2026-10-10T11:18:53,Sat,10,20.11,42.158,47.7,0,37.8,31.89,72
1005,반석역->오송역,전구간,CITY_BUS,세종70자1745,2026-10-10T10:41:03,2026-10-10T11:45:13,Sat,10,27.374,37.432,73.1,0,64.2,25.6,134
1005,반석역->오송역,전구간,CITY_BUS,세종70자1749,2026-10-10T10:41:03,2026-10-10T11:07:37,Sat,10,12.379,37.432,33.1,0,26.6,27.96,109
1005,반석역->오송역,전구간,CITY_BUS,세종70자1753,2026-10-10T10:41:03,2026-10-10T11:26:25,Sat,10,20.28,37.432,54.2,0,45.4,26.82,141
1005,오송역->반석역,전구간,CITY_BUS,세종70자1747,2026-10-10T10:41:03,2026-10-10T11:51:06,Sat,10,37.217,37.557,99.1,1,70.0,31.88,158
1005,오송역->반석역,전구간,CITY_BUS,세종70자1748,2026-10-10T10:41:03,2026-10-10T11:40:21,Sat,10,30.437,37.557,81.0,0,59.3,30.8,126
1005,오송역->반석역,전구간,CITY_BUS,세종70자1751,2026-10-10T10:41:03,2026-10-10T11:24:46,Sat,10,19.748,37.557,52.6,0,43.7,27.1,89
B0터미널,1,전구간,OTHER,세종70자1304,2026-10-10T10:41:03,2026-10-10T10:58:36,Sat,10,10.29,23.301,44.2,0,17.6,35.18,65
B0터미널,1,전구간,OTHER,세종70자1508,2026-10-10T10:41:03,2026-10-10T11:14:03,Sat,10,18.401,23.301,79.0,0,33.0,33.46,76
B0터미널,2,전구간,OTHER,세종70자1511,2026-10-10T10:41:03,2026-10-10T11:15:39,Sat,10,20.347,23.378,87.0,0,34.6,35.28,168
B0터미널,2,전구간,OTHER,세종70자1512,2026-10-10T10:41:03,2026-10-10T11:07:37,Sat,10,16.775,23.378,71.8,0,26.6,37.89,65
B5,1,전구간,OTHER,세종70자1351,2026-10-10T10:41:03,2026-10-10T11:31:44,Sat,10,18.881,23.426,80.6,0,50.7,22.35,111
B5,2,전구간,OTHER,세종70자1350,2026-10-10T10:41:03,2026-10-10T11:18:53,Sat,10,18.313,23.389,78.3,0,37.8,29.04,87
B4,반석역->오송역,전구간,BRT_HIGH,세종70자1708,2026-10-10T10:41:03,2026-10-10T11:05:30,Sat,10,19.877,33.214,59.8,0,24.4,48.78,61
B4,오송역->반석역,전구간,BRT_HIGH,세종70자1701,2026-10-10T10:41:03,2026-10-10T11:11:55,Sat,10,20.987,32.906,63.8,0,30.9,40.8,96
B7,집현동->비하,전구간,OTHER,세종73자5672,2026-10-10T10:41:35,2026-10-10T11:59:18,Sat,10,40.451,41.814,96.7,1,77.7,31.23,146
B4,반석역->오송역,전구간,BRT_HIGH,세종70자1706,2026-10-10T10:44:44,2026-10-10T11:29:37,Sat,10,32.713,33.214,98.5,1,44.9,43.73,149
B0순환,외선,전구간,OTHER,세종70자1507,2026-10-10T10:47:56,2026-10-10T11:26:25,Sat,10,21.776,23.503,92.7,1,38.5,33.95,73
B4,오송역->반석역,전구간,BRT_HIGH,세종70자1705,2026-10-10T10:47:56,2026-10-10T11:27:29,Sat,10,32.61,32.906,99.1,1,39.5,49.47,80
1005,반석역->오송역,전구간,CITY_BUS,세종70자1754,2026-10-10T10:49:01,2026-10-10T12:03:38,Sat,10,36.915,37.432,98.6,1,74.6,29.68,153
B5,2,전구간,OTHER,세종70자1346,2026-10-10T10:56:59,2026-10-10T11:51:38,Sat,10,21.792,23.389,93.2,1,54.6,23.93,125
B5,1,전구간,OTHER,세종70자1349,2026-10-10T10:59:41,2026-10-10T11:58:15,Sat,10,21.97,23.426,93.8,1,58.6,22.51,133
B7,집현동->비하,전구간,OTHER,세종73자5675,2026-10-10T11:00:12,2026-10-10T12:10:32,Sat,11,39.075,41.814,93.4,1,70.3,33.33,132
1005,오송역->반석역,전구간,CITY_BUS,세종70자1750,2026-10-10T11:01:48,2026-10-10T12:10:32,Sat,11,36.301,37.557,96.7,1,68.7,31.69,133
B4,반석역->오송역,전구간,BRT_HIGH,세종70자1704,2026-10-10T11:02:51,2026-10-10T11:45:13,Sat,11,32.718,33.214,98.5,1,42.4,46.34,96
B0터미널,1,전구간,OTHER,세종70자1305,2026-10-10T11:06:34,2026-10-10T11:43:05,Sat,11,23.031,23.301,98.8,1,36.5,37.84,71
B4,오송역->반석역,전구간,BRT_HIGH,세종70자1702,2026-10-10T11:07:37,2026-10-10T11:51:06,Sat,11,32.678,32.906,99.3,1,43.5,45.09,107
1005,반석역->오송역,전구간,CITY_BUS,세종70자1752,2026-10-10T11:09:13,2026-10-10T12:10:32,Sat,11,32.864,37.432,87.8,0,61.3,32.16,115
B0순환,외선,전구간,OTHER,세종70자1510,2026-10-10T11:15:39,2026-10-10T11:52:41,Sat,11,21.826,23.503,92.9,1,37.0,35.36,70
B7,집현동->비하,전구간,OTHER,세종73자5642,2026-10-10T11:18:53,2026-10-10T12:10:32,Sat,11,33.566,41.814,80.3,0,51.6,38.99,97
B4,반석역->오송역,전구간,BRT_HIGH,세종70자1703,2026-10-10T11:19:56,2026-10-10T12:05:15,Sat,11,33.04,33.214,99.5,1,45.3,43.75,98
1005,오송역->반석역,전구간,CITY_BUS,세종70자1744,2026-10-10T11:21:02,2026-10-10T12:10:32,Sat,11,20.86,37.557,55.5,0,49.5,25.28,97
B0터미널,1,전구간,OTHER,세종70자1506,2026-10-10T11:22:38,2026-10-10T11:57:44,Sat,11,22.443,23.301,96.3,1,35.1,38.36,90
B5,1,전구간,OTHER,세종70자1348,2026-10-10T11:22:38,2026-10-10T12:10:32,Sat,11,18.651,23.426,79.6,0,47.9,23.36,105
B5,2,전구간,OTHER,세종70자1352,2026-10-10T11:25:18,2026-10-10T12:10:32,Sat,11,18.239,23.389,78.0,0,45.2,24.19,85
B0터미널,2,전구간,OTHER,세종70자1507,2026-10-10T11:26:57,2026-10-10T12:03:38,Sat,11,22.653,23.378,96.9,1,36.7,37.05,81
B4,오송역->반석역,전구간,BRT_HIGH,세종70자1707,2026-10-10T11:28:01,2026-10-10T12:08:26,Sat,11,32.644,32.906,99.2,1,40.4,48.46,85
1005,반석역->오송역,전구간,CITY_BUS,세종70자1751,2026-10-10T11:28:33,2026-10-10T12:10:32,Sat,11,19.39,37.432,51.8,0,42.0,27.71,79
B3,청주공항->세종터미널,전구간,BRT_LOW,충북70자5128,2026-10-10T11:30:41,2026-10-10T12:10:32,Sat,11,24.829,49.866,49.8,0,39.9,37.38,75
B0터미널,1,전구간,OTHER,세종70자1505,2026-10-10T11:34:55,2026-10-10T12:10:32,Sat,11,21.24,23.301,91.2,1,35.6,35.78,67
B7,집현동->비하,전구간,OTHER,세종73자5643,2026-10-10T11:38:10,2026-10-10T12:10:32,Sat,11,15.125,41.814,36.2,0,32.4,28.04,61
1005,오송역->반석역,전구간,CITY_BUS,세종70자1749,2026-10-10T11:41:26,2026-10-10T12:10:32,Sat,11,16.896,37.557,45.0,0,29.1,34.84,59
B4,반석역->오송역,전구간,BRT_HIGH,세종70자1705,2026-10-10T11:41:26,2026-10-10T12:10:32,Sat,11,19.41,33.214,58.4,0,29.1,40.02,77
B1,대전역~오송역 왕복,오는 편,BRT_LOW,대전75자9920,2026-10-10T11:46:50,2026-10-10T12:10:32,Sat,11,12.779,52.412,24.4,0,23.7,32.35,45
1005,반석역->오송역,전구간,CITY_BUS,세종70자1748,2026-10-10T11:48:26,2026-10-10T12:10:32,Sat,11,14.691,37.432,39.2,0,22.1,39.89,42
B4,오송역->반석역,전구간,BRT_HIGH,세종70자1708,2026-10-10T11:48:58,2026-10-10T12:10:32,Sat,11,18.153,32.906,55.2,0,21.6,50.5,46
B1,대전역~오송역 왕복,오는 편,BRT_LOW,대전75자9921,2026-10-10T11:52:41,2026-10-10T12:10:32,Sat,11,11.459,52.412,21.9,0,17.9,38.52,34
