dong_code,latitude,longitude,workers
11010530,37.574159708210395,126.96992855669919,56919
11010540,37.583780592858524,126.98190354158473,5114
11010550,37.598776518126755,126.9619888116038,4117
11010560,37.609481406873634,126.96670948930345,4248
11010570,37.57578145006919,126.9593002062405,1519
11010580,37.57143386841893,126.96374962652797,13326
11010600,37.581787925244285,126.98677318757063,15443
11010610,37.57328283538987,126.99013461839971,106815
11010630,37.57442159721602,127.00489091921762,21257
11010640,37.57999682237256,127.00394536153522,18900
11010670,37.57371154845097,127.0136870850336,5490
11010680,37.57589045085484,127.01032508580411,1979
11010690,37.57912341937152,127.0132287739025,1235
11010700,37.57734508665228,127.01660574509175,1785
11010710,37.574965725547116,127.02035372329094,6085
11010720,37.58237337921735,126.96805765885382,5392
11010730,37.587340883361826,126.99773968860245,8778
11020520,37.56378584516051,126.97179893573252,66312
11020540,37.5571902643075,126.97954535029622,50194
11020550,37.56066881314579,126.98432077484063,108481
11020570,37.55921459391972,126.99600754868159,25095
11020580,37.560054696363686,127.00427354081097,7909
11020590,37.563980743369136,127.00139601380398,34870
11020600,37.566792413109575,126.99457295104159,31514
11020650,37.56334887878703,127.02249145147597,3910
11020670,37.56852208549483,127.0213864241258,5555
11020680,37.55641723530181,126.96505862709857,7724
11020690,37.56411457646768,127.01355433867148,22967
11020700,37.55463597137389,127.00791695365606,8649
11020710,37.55021825888323,127.01047668470666,4608
11020720,37.55668678641735,127.01563706149652,5004
11020730,37.560748931444536,127.01887020707996,4303
11030510,37.54933867493944,126.97877149144466,4486
11030520,37.54389771641921,126.98527008865213,2031
11030530,37.54837736528992,126.97373600031351,16526
11030570,37.534541542598994,126.9521864076597,5904
11030580,37.54200846667669,126.96094709236841,2296
11030590,37.53797471488731,126.95764398756864,1900
11030630,37.51987991818714,126.97409284025689,3871
11030640,37.52528503357842,126.95630516362657,1140
11030650,37.532665427926055,126.99385112983246,6841
11030660,37.539680557680754,126.99069187615581,3116
11030690,37.521958359118216,126.9925406379153,5346
11030700,37.52802987611272,126.9994453784622,2066
11030710,37.548485681491044,126.96670346220019,9967
11030720,37.538150194888814,126.96765618347013,10143
11030730,37.52856367920504,126.96826621322727,53433
11030740,37.53480500198907,127.00618320434225,20395
11040520,37.56120532703149,127.02731957035606,2698
11040540,37.56674337911547,127.04056982793657,12537
11040550,37.55984224628804,127.04381882482603,11235
11040560,37.55766026212127,127.0361773249616,8735
11040570,37.55686274627985,127.02886052404948,2167
11040580,37.552071127923845,127.03283440816757,1091
11040590,37.55330778939643,127.02526886572254,2259
11040620,37.546353530484645,127.02128581727894,2195
11040650,37.54076451951409,127.04687556964869,15836
11040660,37.54879953327316,127.04679261603265,27231
11040670,37.537665918421695,127.05537539704208,19307
11040680,37.54651276985475,127.05633906040471,64621
11040690,37.552644815767685,127.0675866859262,2885
11040700,37.56273307305125,127.05555723479334,12301
11040710,37.56687688000492,127.02949055485178,10993
11040720,37.55123723664173,127.02056471601547,2834
11040730,37.543608134703845,127.01424443558572,4749
11050530,37.54488725676808,127.07024400275075,15266
11050540,37.553378643058096,127.07330904647978,9553
11050550,37.561666950415876,127.07827684260539,6590
11050560,37.559174045772814,127.08465760088271,7619
11050570,37.56815913495416,127.08221773427022,5779
11050580,37.56030571706004,127.09064566190612,4416
11050590,37.553489408389225,127.08244611719107,5980
11050600,37.541724660860766,127.08552761043919,7251
11050610,37.55014102692805,127.09203350267336,5644
11050620,37.538777350722555,127.09392430786998,17735
11050630,37.54438812798209,127.1020570127695,13626
11050640,37.535514552673504,127.08049129981141,9705
11050650,37.53032897896784,127.08267467475713,5780
11050660,37.53430158873413,127.07216693595674,6904
11050670,37.536500721890675,127.06536458266524,5913
11060710,37.59117549221464,127.05213581938462,11205
11060720,37.591817249557316,127.06203100070731,4129
11060730,37.586314666254694,127.06459715636917,5403
11060800,37.58640244651509,127.04615942504901,7909
11060810,37.57569292766248,127.03341417882257,29171
11060820,37.58481414294708,127.03663990394699,11903
11060830,37.57904418044464,127.05122003314602,7768
11060840,37.57873087928015,127.06113353652852,5146
11060860,37.570901337647754,127.06075075482859,7902
11060870,37.56710622748135,127.06849979316655,22305
11060880,37.57482288078665,127.07223940593758,11466
11060890,37.59634739385453,127.06094193832449,6647
11060900,37.60217151590767,127.0663228113862,2264
11060910,37.571341356110565,127.05218416010544,9406
11070520,37.589443703515094,127.07837639499809,5899
11070540,37.574111553996524,127.0838572197523,4901
11070550,37.58372439103321,127.08041879519868,3293
11070570,37.57843377180186,127.08777317202528,4434
11070590,37.60139640607561,127.09006684962895,6440
11070600,37.5943924437258,127.08485572790869,9176
11070610,37.60094333652604,127.08269463739096,4020
11070620,37.598532360887994,127.07560054048426,6606
11070640,37.614256266235714,127.08164264585706,5587
11070650,37.61043480308771,127.07510425241783,4148
11070680,37.59225452727213,127.09888906330411,3996
11070690,37.609022686504574,127.10093296574235,15711
11070700,37.61110006562021,127.09380834506118,7275
11070710,37.58818522297753,127.0895926493818,7407
11070720,37.584500857750186,127.09318100288056,7897
11070730,37.60111618934513,127.10333006571852,12471
11080580,37.60027237329444,127.02453494843581,2104
11080590,37.5969129863048,127.01219799093857,3018
11080600,37.586184734283066,127.02542775486333,13831
11080610,37.582606703734896,127.01908694617998,6604
11080620,37.60316062941246,127.0170167462498,2429
11080630,37.60431911962218,127.01075923152689,3348
11080640,37.60943294037956,127.00372174067289,5640
11080650,37.615590855502106,127.00738033681462,4894
11080660,37.60826313192423,127.01956992034691,4161
11080680,37.60942207678281,127.02641764903733,5638
11080710,37.60758024300137,127.0364632638929,5415
11080720,37.60421425023981,127.04402463454838,10567
11080760,37.61558518463842,127.0449645676525,3107
11080770,37.612238362940936,127.05149306431564,3761
11080780,37.61944121480305,127.05165424426157,1980
11080810,37.59324184221875,127.00204047602834,6133
11080820,37.58674959484603,127.01203275180795,11681
11080830,37.59381898897157,127.01794238593521,10522
11080840,37.59829354903155,127.03400444047323,8554
11080850,37.609211280819466,127.0621071804993,9117
11090600,37.63787066325992,127.03000578022862,9609
11090610,37.630558271504945,127.0351017895974,3495
11090620,37.62628125296543,127.0429306795716,3005
11090630,37.63117499437997,127.01699466475229,5602
11090640,37.645272102366214,127.0194236733369,4434
11090650,37.64026495367435,127.02294662029898,9686
11090690,37.6238349572512,127.01533075533806,3872
11090700,37.62825854912286,127.02577064192045,7035
11090710,37.61777064360911,127.03326784376435,8875
11090720,37.61845957132999,127.02451369377158,6984
11090730,37.617157136481644,127.01624481680285,2961
11090740,37.653076559341805,127.0111071476091,5313
11090750,37.63942721149645,127.0129589847676,6124
11100510,37.65279891770466,127.02072504259237,3993
11100520,37.65722009027991,127.03664256578395,4762
11100530,37.648077144344306,127.0307041496361,4864
11100540,37.6564601203757,127.030978789389,1959
11100550,37.665362064029644,127.04256698270424,13421
11100560,37.66750355798774,127.03451361216133,2774
11100570,37.66001651990399,127.02736791566517,3132
11100590,37.64833696006068,127.04344263685434,3384
11100600,37.64264505728414,127.03659055102158,4220
11100610,37.636882548896054,127.04092832835607,1976
11100620,37.65436741537319,127.04969570921185,7402
11100630,37.655853994049316,127.04290993118175,6624
11100640,37.67976778629142,127.04245078475596,6919
11100650,37.68011436609867,127.04778292735308,7365
11110510,37.620881578709174,127.05929566338372,6237
11110520,37.63090026372009,127.05125108045058,3441
11110530,37.62270380941746,127.06575093036746,4312
11110560,37.625262397408314,127.0836160617207,12694
11110580,37.63870285827032,127.07266817219951,8645
11110590,37.63530435884043,127.0649421115851,1550
11110600,37.64885936935233,127.08137616337957,5821
11110610,37.65082016169045,127.07378661743878,4129
11110640,37.658212786763386,127.07590705939957,4098
11110650,37.67750767104587,127.05478059038364,9088
11110660,37.656834493989344,127.06778039697981,10784
11110690,37.66355772245665,127.0703748201107,5882
11110720,37.666691294337674,127.05436322536208,1973
11110730,37.66626833661172,127.06201616252714,2508
11110740,37.66138293162168,127.06026707794234,2354
11110760,37.66809265400222,127.07963966669011,4631
11110770,37.650212885122045,127.06158099901728,16181
11110780,37.64312652914293,127.06559599623866,5366
11110790,37.62500210818103,127.07248225871314,13377
11120510,37.604602728375376,126.9311521306074,13044
11120520,37.61573733868227,126.93111491153803,6792
11120550,37.623991898949335,126.91621654252278,4829
11120560,37.61710021302055,126.91329897137678,6445
11120570,37.61102199757173,126.9093311149413,6512
11120580,37.61264493854105,126.92282174246517,7509
11120590,37.599063696540874,126.92594075714986,8104
11120600,37.59234514679516,126.92226700849494,2845
11120650,37.59873795773722,126.91003383980086,5042
11120660,37.59304486021235,126.90763016459422,3398
11120670,37.583298873123915,126.90595925031916,4201
11120680,37.58476412347369,126.89643349459749,2654
11120710,37.638790285285225,126.92573810712246,13387
11120720,37.623734685151284,126.92555850351103,4463
11120730,37.58899168927525,126.91766978207049,5684
11120740,37.604571874499655,126.91543227431475,8431
11130520,37.569400368037364,126.95890851733651,3318
11130620,37.584851337066624,126.94380037161267,5803
11130640,37.592587955950364,126.94859665341431,4173
11130650,37.585149499668525,126.95028843459879,2198
11130660,37.59840749535142,126.94674756678187,2550
11130680,37.58594382651019,126.93142115388248,6393
11130690,37.572308576502266,126.91664134326575,2721
11130700,37.577800195092614,126.92067827929361,5672
11130710,37.575094339285904,126.9086242088405,3650
11130720,37.580887176207156,126.91385289904859,5148
11130730,37.56329141069647,126.95780805179483,22726
11130740,37.55941119714307,126.95447495620209,2616
11130750,37.56015338335787,126.93933316220611,37317
11130760,37.57076726773729,126.93125509569525,12815
11140590,37.5428917601107,126.94282073960137,19848
11140600,37.552799557545846,126.94199201631618,9562
11140610,37.55090622664758,126.94755140250959,5002
11140630,37.546516168906564,126.93520084598752,6862
11140660,37.55487070531018,126.92014105099642,63106
11140680,37.549344579246764,126.91067782705152,13585
11140690,37.55484523909354,126.90400850740384,6439
11140700,37.55936787465921,126.9017474193,4697
11140710,37.563093981350136,126.92124409078968,8652
11140720,37.56185771259211,126.9121026828227,9994
11140730,37.56855863314134,126.90579068876127,12638
11140740,37.579747027041634,126.88637431053122,49742
11140750,37.53856013061946,126.95010483242574,18940
11140760,37.548669643214744,126.92790362388267,9603
11140770,37.548900999759255,126.95833219929301,19960
11140780,37.55170881028177,126.95209922909599,13979
11150510,37.52582480002383,126.87141365674732,22713
11150520,37.54323574744105,126.87265836293817,4944
11150530,37.54454413765045,126.86563595371281,5280
11150540,37.535488071979714,126.8672280138198,4547
11150570,37.53120617513205,126.83449644348693,5159
11150580,37.52295735085991,126.84599531835623,4435
11150590,37.53282511664564,126.82746954686151,4993
11150600,37.52189133212504,126.84002739952426,3460
11150610,37.53996024843375,126.83015799544476,4253
11150620,37.51617998607349,126.84265671817134,3010
11150630,37.52042472049231,126.83332699957286,5129
11150640,37.518931061699654,126.85934709674896,5980
11150650,37.51931018929919,126.87472175911098,4271
11150660,37.51379953845436,126.84369148883275,9569
11150690,37.51703035832111,126.86934116280796,7845
11150700,37.5102427607383,126.86319759549264,6132
11150710,37.53627476954578,126.8784303544611,10515
11150720,37.52526970133477,126.85729425777168,17227
11160510,37.55228775555349,126.87152923238173,15605
11160520,37.55591767244352,126.8594171244237,17999
11160530,37.54588364533685,126.86065316425542,3728
11160540,37.561875030516894,126.84576579301758,21949
11160550,37.542406849283545,126.8470406419234,4292
11160570,37.53282913565099,126.854205569299,2724
11160580,37.54397408265368,126.83412208545431,4533
11160590,37.53465645689116,126.85917304451846,3966
11160610,37.55176689568036,126.85038245445935,12881
11160630,37.53467052708054,126.84864969500667,3856
11160650,37.56470467162941,126.85391003689789,3266
11160660,37.56134773465459,126.8598706515426,7149
11160670,37.55282561863,126.82837251463552,34058
11160690,37.55904228744776,126.81541971902529,34147
11160700,37.5691172087237,126.81733791495641,12283
11160710,37.56985078912148,126.80807115727025,14902
11160730,37.53329980143348,126.84110104517696,9957
11160740,37.5502847617974,126.84031225409565,7306
11160751,37.56964325226525,126.83973616479715,73155
11160761,37.57752138267998,126.81422086122892,4609
11170510,37.508924550589875,126.88312509371971,16375
11170520,37.49366054250822,126.875386266522,2950
11170540,37.48598666689629,126.8933587831289,95488
11170550,37.490902918334136,126.88970530780064,6493
11170560,37.50178755564486,126.88814518728702,25179
11170610,37.500774396363475,126.86201892612387,10501
11170620,37.50522678680213,126.85396152028086,4775
11170640,37.49237215977535,126.85575749500263,3566
11170650,37.486470089602015,126.85355387932618,8646
11170670,37.497046724338205,126.84156825556225,5197
11170690,37.49633090970748,126.82702620409215,6010
11170700,37.4827164122531,126.88838706129884,4355
11170710,37.49376993821253,126.88346231891548,31437
11170720,37.49921061276892,126.85189395049035,5685
11170730,37.48676574210592,126.83991302748476,7925
11170740,37.47974911810852,126.82280273477411,3586
11180510,37.476846418932865,126.88941660041584,182115
11180520,37.46366358272332,126.8927505980284,24899
11180530,37.463720269593,126.90228016003445,4264
11180540,37.47594714028548,126.9038921006695,6532
11180550,37.469135797530306,126.90327458339777,3053
11180570,37.453522675711184,126.90151795543301,15948
11180580,37.449912301606794,126.91760578627404,2522
11180590,37.44082401944563,126.90543274618969,9031
11180600,37.45991023017075,126.90834808826928,1952
11180610,37.450413270854256,126.90923926066948,3614
11190540,37.52202881933951,126.93025178305989,195020
11190550,37.5234937641374,126.89693542778586,25622
11190560,37.53062987472393,126.90272328334272,25227
11190610,37.524559572513375,126.88655539202017,23813
11190620,37.53741075043212,126.893106270009,22683
11190630,37.51148162407428,126.91900430515147,4337
11190650,37.50614833177907,126.90552879867703,2784
11190660,37.50650222717449,126.91301061735656,1397
11190670,37.50146364548874,126.90587184606441,1988
11190680,37.49845555650973,126.91343681029338,4828
11190690,37.5047957606092,126.9181626908698,3335
11190700,37.49403210928844,126.90495186838578,4688
11190710,37.48949421426539,126.90048858432964,4669
11190720,37.5000865710425,126.8971503416647,8777
11190730,37.51307549555647,126.90959546527621,5725
11190740,37.52256063429143,126.90750378786429,42776
11190750,37.50930702593592,126.90085742686853,2980
11190760,37.517607772249754,126.8899315131672,49183
11200520,37.51058413776218,126.93808079644967,6862
11200530,37.49906405866628,126.9528790735339,9515
11200540,37.50378412406872,126.94263914410091,5372
11200550,37.49743047577915,126.93248645045684,3600
11200560,37.49810518485409,126.94042685605321,3188
11200630,37.47971748568762,126.97692449598276,10502
11200650,37.487977767725255,126.9721107399269,4590
11200660,37.48061032830793,126.97144409029879,1894
11200670,37.48741453816522,126.9651724825943,1838
11200680,37.506863929187084,126.92710250166208,12253
11200690,37.4902852310983,126.91028887535688,4273
11200700,37.49580679728947,126.92363341353072,17551
11200710,37.50505902928892,126.96164128717987,10506
11200720,37.51010028472049,126.94765792902946,7190
11200730,37.4913986675776,126.97829266156084,6011
11210520,37.49039746731851,126.93208894453706,6940
11210540,37.48951791717286,126.95989759078502,1422
11210570,37.48113177727811,126.96068473977918,5967
11210580,37.47628819916555,126.95667769893141,8937
11210610,37.48415583398361,126.95078887027846,5341
11210620,37.472583421464606,126.96616005594537,4488
11210630,37.47332521018412,126.97705911119637,7136
11210640,37.480474389389116,126.93337508815885,8824
11210650,37.47993076668798,126.92669361352448,2614
11210660,37.47417352575319,126.93786098529985,2923
11210680,37.48586957493551,126.91855510668628,4309
11210690,37.48683250361564,126.9274788237309,5820
11210710,37.4609776201318,126.9192382442072,1937
11210720,37.48300272684542,126.90757718684611,6207
11210730,37.467335185904346,126.93801297593363,15551
11210780,37.48720107046064,126.94274679114093,7775
11210790,37.489216332222746,126.95189659950591,3030
11210800,37.47925732719796,126.94523698617405,12444
11210810,37.471580054453206,126.92148702178075,2746
11210820,37.46600864597986,126.92908648451798,2751
11210830,37.47710116994331,126.91522536761708,5250
11220510,37.48913432843017,127.01985870378489,43285
11220520,37.48986696086152,127.02792836512344,72379
11220530,37.484916063820755,127.0093831589139,91869
11220540,37.49917601851924,127.01896340098989,30822
11220550,37.51618242917489,127.01342032367658,18080
11220560,37.5047289302346,126.98667853964355,1096
11220570,37.505163802107504,127.0161604576225,14658
11220580,37.50493642669271,126.99719735453817,2341
11220590,37.509670934968995,127.00542301047506,7193
11220600,37.49872346592804,127.00252698443393,29499
11220610,37.49484889666368,126.9871406748893,9848
11220620,37.484808901372745,126.99529466441918,19902
11220630,37.47884567448827,126.98542258396847,16718
11220640,37.477298816943765,126.99884641302795,13552
11220650,37.48960296924764,126.98976222924013,13946
11220660,37.46905201571102,127.02798191289864,46578
11220670,37.47054985654684,127.04395334812577,49865
11220680,37.453332333964575,127.06091223013719,10166
11230510,37.52417511476953,127.02300643906827,28232
11230511,37.492744732930035,127.07699107920921,10527
11230520,37.510932598571195,127.02719828200696,49743
11230530,37.51424468056324,127.0368306388682,72861
11230580,37.51675446696785,127.06027307004153,75476
11230590,37.51407049390902,127.04824161325318,48399
11230600,37.4938576770338,127.058566946969,7874
11230630,37.50153924815227,127.05524269091792,33622
11230640,37.500070983944134,127.0364833134887,176721
11230650,37.49839914716621,127.0460257136766,44415
11230660,37.488720589913285,127.03953105878857,18608
11230670,37.49008969167749,127.05056355594986,20769
11230680,37.48267487695427,127.05603235644132,1051
11230710,37.47776610172794,127.05152935627633,10866
11230720,37.4832939987635,127.08464963202879,9787
11230730,37.49243273510803,127.08704247492389,5643
11230750,37.4880976909629,127.10066807728141,18820
11230760,37.4708832660809,127.10151622427345,9777
11230770,37.52935624722743,127.0328258707496,36359
11230780,37.52305429847807,127.04946900888501,43469
11230790,37.49868541079789,127.06538649774916,73654
11230800,37.48644233013025,127.07030376844264,4108
11240510,37.537209625981276,127.11829904089277,2258
11240520,37.53034522841048,127.11546669175974,16757
11240530,37.49511297278777,127.14280979426275,3502
11240540,37.49239324866276,127.14724651426594,4688
11240550,37.49528662895285,127.15603815226184,2919
11240560,37.49988970342857,127.14907284855633,4428
11240570,37.50988011410327,127.12229141710655,7823
11240580,37.51321362017541,127.11448911737071,24767
11240590,37.51446415796633,127.13324620286096,5085
11240600,37.50440990579316,127.13409081559536,20240
11240610,37.50723166658676,127.11037962952953,13177
11240620,37.50345611103339,127.11764281501388,3866
11240630,37.50283914706475,127.10206405591212,15687
11240640,37.50250414645961,127.09227544967953,10028
11240650,37.497353930243236,127.12112394252038,29760
11240660,37.4972367221309,127.1068799815903,12324
11240670,37.49549660283323,127.13074561170575,11987
11240680,37.488518512322024,127.12691179989717,7373
11240690,37.48565780049735,127.11825067844529,99373
11240710,37.50627682233761,127.08364886285275,21873
11240750,37.52134425258925,127.10954872754441,1770
11240770,37.518579323445174,127.10115264110969,54877
11240780,37.506843468350915,127.07478465982956,1282
11240790,37.51410973051055,127.08490455727357,4478
11240800,37.51165683140075,127.09303715839692,8534
11240810,37.48284491286478,127.13084047136617,9122
11240820,37.48073356856449,127.14275312518235,5786
11250530,37.55080477269743,127.14609742922279,7906
11250540,37.55034138735966,127.15296154486956,5499
11250550,37.55937493591457,127.15059509794254,2798
11250560,37.5588290973693,127.1645350891663,5221
11250580,37.55206521278519,127.12600801084226,3684
11250590,37.556527484467715,127.13937392484304,2609
11250610,37.54628911866126,127.13840356722325,5332
11250630,37.539470155685095,127.13367801616151,9911
11250650,37.52884879959586,127.12608367343083,18829
11250660,37.53417860152433,127.12764918053209,6776
11250670,37.52888503802712,127.13364194996592,9124
11250700,37.52249674523682,127.14091940580168,246
11250710,37.5313568992675,127.1435444013817,9712
11250720,37.55188757053818,127.13481380104979,6236
11250730,37.544669765821844,127.12654535939109,15746
11250740,37.53920463971525,127.14313094420095,18502
11250750,37.56636991801262,127.17532855883414,4533
11250760,37.55201478637514,127.16771053713921,7015
11250770,37.552260669089655,127.17790496077284,19877
21010510,35.10451492272667,129.0368267288707,40221
21010520,35.10565493455399,129.03441973940508,3703
21010530,35.105098585532,129.0304978184391,3515
21010540,35.10561888499455,129.0244097826968,2928
21010560,35.10170199635496,129.0244358855415,4503
21010570,35.100170203200626,129.03140066472363,4402
21010580,35.09737361112415,129.0307104497588,5895
21010590,35.11151934131714,129.03519888092967,2531
21010600,35.111837892986664,129.03128924034638,1519
21020510,35.110230444268964,129.02235443850725,1166
21020520,35.11333740321486,129.02234169033815,1592
21020530,35.11669831769339,129.01854418845517,4602
21020540,35.10925905047339,129.01399745265272,3046
21020560,35.11386126065434,129.0115536523785,1800
21020570,35.120263079428966,129.01184461206702,1501
21020590,35.104803256928705,129.01859829119607,4283
21020610,35.10050872578061,129.0139026263097,5256
21020630,35.09531289755962,129.0191254760754,461
21020640,35.09772040439537,129.02274739232186,6078
21020650,35.09126252250478,129.02256870758094,2311
21020680,35.07722430673746,129.01728421413821,11313
21020690,35.08419728022793,129.0214602020036,2249
21030510,35.115058644904884,129.0365022320408,10897
21030520,35.11808842305693,129.03613127268753,2790
21030530,35.12225625681704,129.04214766404206,23360
21030550,35.12238020617883,129.03419900992444,1308
21030560,35.12516117751465,129.0403311455571,1498
21030570,35.12965865428292,129.04355541289937,6383
21030590,35.1276785718133,129.03969352828312,568
21030600,35.13487435992717,129.04368236380154,966
21030660,35.13745980510465,129.06225938318877,20533
21030680,35.13197998650907,129.0573461755915,2635
21030700,35.13394404654926,129.05001038073246,2983
21030710,35.14024435357847,129.05206287314203,3063
21050520,35.15354982408414,129.05670617999985,27011
21050540,35.173008004803684,129.05267270481383,3561
21050550,35.180010076249594,129.05017427023532,6061
21050560,35.17181655396038,129.06681334103757,11041
21050570,35.1748568648185,129.0744691478097,9385
21050610,35.1623604475584,129.0671932826635,13365
21050640,35.164982978959905,129.04910268201215,5827
21050660,35.171563392512965,129.03626047683912,2744
21050680,35.157464844939476,129.04255921231078,4073
21050700,35.1697676627258,129.0307055662103,2784
21050720,35.149774095149375,129.02855805054892,4965
21050740,35.15181325142977,129.0225079510972,6155
21050750,35.146003098859765,129.0188440863173,3700
21050760,35.15931376209318,129.02413392047313,3594
21050770,35.14587618826753,129.06018701895067,18006
21050800,35.164464673773814,129.03316760085414,4493
21050810,35.15278394831942,129.0383750876306,7596
21050820,35.16202946455449,129.05868179058794,22486
21050830,35.15391828337436,129.06766508679056,12643
21050840,35.149056404417834,129.0516499246309,4710
21060510,35.1972792496958,129.08988434372242,15300
21060520,35.20557042376091,129.08904266710064,2323
21060550,35.21754832498942,129.08045748382187,9428
21060560,35.21091856362022,129.0713364352319,7658
21060570,35.20499199337468,129.066576371671,10367
21060580,35.19827716620101,129.06307406130605,5072
21060590,35.198802991621115,129.0552080155514,5673
21060600,35.198587054589034,129.07005148447402,5067
21060610,35.19874294260563,129.09958011324548,8622
21060620,35.195320611699714,129.1090622769533,8109
21060630,35.204359728770186,129.10578837601432,4493
21060640,35.20882077621209,129.09951049762563,3113
21060650,35.21169188590857,129.0845428124485,9976
21070530,35.13994499866617,129.09861826852162,17268
21070540,35.12681132618429,129.08939905843638,3155
21070550,35.13853532855886,129.09137713688486,5384
21070560,35.13742746073553,129.0815261090552,3895
21070570,35.1273860329964,129.1102845210844,6560
21070580,35.108369139061665,129.11594874453723,2205
21070590,35.12006427044377,129.11548328271877,3162
21070600,35.11255804349371,129.10923397722243,2282
21070610,35.12015314726925,129.09591853371487,11064
21070620,35.11475319262513,129.08315401752566,6795
21070630,35.1218887447633,129.0849917036318,1527
21070660,35.14436587116596,129.07505253445964,2095
21070670,35.1441622146856,129.06729922466417,9207
21070680,35.13890441477358,129.07270139561032,2587
21070690,35.132846287254544,129.07078999780998,5238
21070700,35.13273653470083,129.09346594261964,6423
21070710,35.12626719418471,129.07857284234015,2458
21080510,35.20613497406272,129.003643350976,5210
21080520,35.19883825585203,128.99730568427017,7290
21080530,35.197132319395074,129.00976353494815,3942
21080540,35.25425383416607,129.01513751549288,6799
21080550,35.228053724190275,129.01422175050334,4040
21080560,35.21407520141362,129.0181279123082,4460
21080570,35.21046622088623,129.00907937421792,10011
21080580,35.2101332742874,129.0178491434777,1230
21080590,35.21543888278641,129.03481678513188,2599
21080600,35.20751547127557,129.03579487535518,4223
21080610,35.209753015965795,129.02810517406272,2390
21080620,35.24187909364507,129.01907482431236,2896
21080630,35.23109591659087,129.0103007243377,8640
21090530,35.164756611101964,129.16936129899287,14186
21090540,35.16095863888107,129.17982797418776,3538
21090560,35.18493072841623,129.20196354625423,4462
21090580,35.19622875666806,129.13055757365214,1709
21090590,35.20042107593381,129.133475495053,1147
21090620,35.23046907297225,129.1583073027487,4251
21090640,35.18373833523345,129.1226235776924,24586
21090650,35.19090264513307,129.127985308707,4512
21090660,35.174261268128774,129.1759171111127,7141
21090670,35.16781088025985,129.18164379509474,7152
21090680,35.17335714932383,129.16852454697562,2202
21090690,35.1789449102225,129.17551416487387,5329
21090700,35.20113253216766,129.12174942954437,10958
21090710,35.20616795815827,129.1167574498625,1815
21090720,35.22421448446175,129.14959766521545,7010
21090730,35.165340715708126,129.15495214724328,11380
21090740,35.16949324181381,129.13841500876381,34643
21090750,35.15857206130916,129.145092295164,8159
21100510,35.09790417302439,128.9901482759753,4257
21100520,35.104033951241874,129.00281743071926,2158
21100530,35.09990120420599,128.9961637431815,3588
21100540,35.099076909871556,128.9823197165928,2293
21100550,35.10597738810252,128.97801873970826,7557
21100560,35.102682595291476,128.96258432921803,6697
21100570,35.11174080328095,128.96248218769028,11123
21100580,35.09276298403031,128.97494423935404,11398
21100590,35.09567580527175,128.96368159242675,10392
21100600,35.07882828941167,128.96553648995928,10192
21100610,35.07667501296598,128.9763981570813,9454
21100620,35.054573800188926,128.96750385929698,12842
21100630,35.06321079764697,128.9812707473392,4387
21100640,35.08275672810099,128.98746339068475,7951
21100650,35.08865249890021,129.0011866566462,6011
21100660,35.09372105560356,129.0087781009028,842
21110510,35.21717254407043,129.0977054011118,948
21110520,35.21320230061576,129.1034391822133,2597
21110570,35.22345273524524,129.0936824345557,1856
21110580,35.230276062548775,129.09216911761965,5298
21110590,35.23994082697978,129.09246942114322,9223
21110600,35.219464395016786,129.09098247368297,2028
21110610,35.2379811696235,129.08455891152167,4313
21110640,35.28920520953778,129.11169285420382,2951
21110670,35.27717886514028,129.0895164409763,4686
21110680,35.26752836327649,129.08898556854135,12810
21110690,35.24672928262092,129.08915303981274,12200
21110700,35.255310067220734,129.08807489898766,7113
21110710,35.251650531612874,129.05552362693442,480
21110720,35.217697370785984,129.10516130560865,3334
21110730,35.22314362266115,129.11392443951962,14766
21110740,35.226874897981276,129.08312176850785,13894
21120510,35.214902454214716,128.9670676141624,15457
21120520,35.16504190885344,128.94584463883032,22139
21120530,35.200155635563995,128.9272339272487,5292
21120550,35.18571662428901,128.8970384700338,3406
21120561,35.130738036652204,128.8544484066361,69918
21120562,35.08540070630134,128.8767776246355,6532
21120580,35.044035050720076,128.8270820788585,4473
21120590,35.10015806077225,128.91658663205325,14535
21120600,35.08387012012668,128.9023103773997,5891
21130510,35.19392719680862,129.07808588590814,20233
21130520,35.18944291627226,129.06752197892177,6217
21130530,35.18199844438144,129.071601781509,6185
21130540,35.18017849532427,129.06645148337293,1441
21130550,35.18912447724582,129.08937685169244,5056
21130560,35.17733609293217,129.0806624544426,7741
21130570,35.171734268277596,129.0916588694699,1426
21130580,35.184427583972166,129.08563279696048,8500
21130590,35.18349266506252,129.07818937147138,20578
21130600,35.1749840980203,129.0889123743205,3496
21130620,35.1883713111098,129.09705826757286,3940
21130630,35.18368350409058,129.10726015312676,10617
21140510,35.14298225287173,129.10827287989025,11869
21140520,35.1427386154673,129.11415320178915,5339
21140530,35.17036806769914,129.11736676544837,5294
21140540,35.17416411935371,129.10245465880877,5909
21140550,35.17720147191237,129.11435361754872,3912
21140560,35.162538745867636,129.11281317501943,5878
21140570,35.15477554817567,129.11497081547338,6485
21140580,35.16753821554691,129.1125050557264,6857
21140590,35.1565633973963,129.1099208379636,3609
21140600,35.16013901511425,129.12537175788364,9217
21150510,35.175562201460565,128.98013774322837,10794
21150520,35.188183844078154,128.99087991720032,12643
21150540,35.18378192178258,128.99876584387502,1110
21150550,35.170252830175265,128.98637422053633,1874
21150560,35.175579306081495,128.988403934167,8453
21150570,35.16471927584639,128.98338456007082,17501
21150600,35.15407702175225,128.99994260784564,3564
21150610,35.151583006265064,129.01223498895948,8110
21150620,35.14706424092272,129.00353634825353,3774
21150630,35.13851569141223,128.98545748693178,17856
21150640,35.12773766753156,128.97500796577575,9402
21150650,35.15534120773151,128.98514810800538,27246
21510110,35.239463963098174,129.21571662419154,25668
21510111,35.267922037713944,129.2283603000543,7590
21510120,35.33605579366041,129.26453451983485,16282
21510130,35.32753892035698,129.17480328888115,25735
21510330,35.25698709704646,129.161299167224,4109
22010540,35.86533956227729,128.60505560178945,12264
22010560,35.869212680142724,128.59815261159142,16739
22010590,35.869989809225835,128.58874355330238,17140
22010610,35.875930162154745,128.58331816576066,3780
22010620,35.86596816529598,128.57858008652133,6340
22010640,35.860490847386494,128.5930955622731,3687
22010650,35.86392165186796,128.58827583050328,4865
22010660,35.859709703285404,128.58516290313204,1725
22010670,35.86121494174287,128.57904585499026,3757
22010680,35.860186475575595,128.60274653016208,6943
22010690,35.85743341169538,128.60003144241358,1085
22010700,35.87010155560808,128.60819242884904,11256
22020510,35.88589119471705,128.61855971365122,2074
22020520,35.877436006198934,128.61222105306726,2375
22020530,35.879622855183285,128.62028570102171,1838
22020540,35.88496338567953,128.62762326380556,5083
22020550,35.888997402125504,128.63324104567934,2895
22020560,35.87220030014005,128.61551736908328,2952
22020580,35.87336344076947,128.62239272162049,12041
22020590,35.87317886213862,128.63030890214773,11688
22020600,35.88300057925391,128.6421933918804,3840
22020610,35.87816954332608,128.63893964922977,5354
22020620,35.913886319941845,128.6588438162195,988
22020630,35.9208654814615,128.6397489066542,8075
22020650,35.89591690901056,128.63701005068867,3792
22020660,35.88871711950346,128.65159970569204,4380
22020680,35.87844871357004,128.66581483313553,4129
22020690,35.88479305836405,128.67111082146442,5032
22020710,35.951458246545485,128.64499550884537,4753
22020730,35.86611735314331,128.69801249530263,8907
22020740,35.87502006414036,128.69245228101687,8203
22020760,35.867476386569756,128.73039261193037,4818
22020770,35.87288866559199,128.72021337421378,8432
22020780,35.87998028662047,128.73273756850296,12346
22030510,35.86281480105731,128.56126512423688,4327
22030520,35.86555768849662,128.57155483088312,2683
22030530,35.859387193420915,128.55024557698704,5036
22030540,35.881913925503646,128.56716249786413,937
22030550,35.87706380569682,128.57423225920695,2697
22030560,35.869649114806734,128.57219254164755,2084
22030570,35.88669845298007,128.5675888037185,1277
22030580,35.87544138133058,128.5692431914421,1049
22030590,35.88611080789373,128.55825340755422,11699
22030600,35.87656610524433,128.56548018684492,1675
22030610,35.86940522818009,128.56580035005402,1419
22030620,35.8758520978173,128.55856217399122,5048
22030630,35.86748436364585,128.5580972846041,5469
22030640,35.87282877676164,128.552122604715,3700
22030650,35.877271762369496,128.5496831679368,2329
22030660,35.86587743307868,128.5452185983835,24287
22030680,35.88497504273945,128.57560765768386,2975
22040510,35.851384111111194,128.60237851192156,4787
22040530,35.84636636902054,128.59884263118826,4351
22040540,35.83794027728178,128.60295946616267,2370
22040550,35.838795288723034,128.59631600054493,4718
22040560,35.843170179555614,128.57639617863322,1999
22040570,35.85195014512608,128.5893413171036,4655
22040580,35.85329244297161,128.57950764155873,7428
22040590,35.84720449171575,128.57245299346653,5740
22040600,35.84443155729971,128.58463990020854,6715
22040610,35.83591075673232,128.56656868786263,3228
22040640,35.83599928485841,128.57918513230624,5198
22040650,35.84074291432347,128.56762941457126,5859
22040660,35.833586510189164,128.56078165002188,3379
22050510,35.88085948233983,128.58450900648685,2730
22050520,35.88118571098834,128.593348997336,9146
22050550,35.894880589633125,128.5821542059245,5765
22050560,35.88747303076201,128.5947342868659,4465
22050570,35.89011799367361,128.58827354383638,8231
22050610,35.89693527757175,128.59629053355428,1950
22050620,35.901883940533416,128.61044854119461,15784
22050630,35.89528067589947,128.60872992267298,8893
22050640,35.8953084396969,128.60372276763317,3617
22050650,35.89316858022644,128.61686868367948,2372
22050660,35.89816530150413,128.62137011023154,5690
22050700,35.91147443757177,128.62343678591444,8960
22050710,35.926663754355644,128.60312570701535,8153
22050740,35.9200750390555,128.54869958911897,5827
22050750,35.90224281241353,128.52954162877765,9483
22050760,35.94347500932959,128.5526798109356,5710
22050770,35.938989462022946,128.54492566306234,4228
22050780,35.924908851806805,128.54312901308478,5948
22050790,35.93420388454874,128.56229434463214,6535
22050810,35.890914728909614,128.57256628142284,23419
22050820,35.93839848039291,128.56013271234744,8262
22050830,35.94973863220989,128.57419681366733,10107
22050840,35.882487916301535,128.60726799595295,5081
22060510,35.85410810948085,128.62508487129722,8671
22060520,35.862104459486396,128.63191549320487,12716
22060530,35.86419589375608,128.6225668418429,8876
22060540,35.85428321138182,128.63847774543484,5331
22060550,35.870860228544835,128.64211558275358,8437
22060560,35.86337307534093,128.64533225709323,4506
22060570,35.85209289566707,128.65140264275158,4463
22060580,35.85495710769636,128.61078385295824,3280
22060590,35.855661666389466,128.61821962474107,6553
22060600,35.862691641334564,128.61560165982576,3873
22060610,35.84171227673768,128.63565322068033,2640
22060620,35.846448318565976,128.621049141169,6932
22060630,35.84446826370994,128.61200532498978,4759
22060640,35.83381845421851,128.6114511504415,5417
22060650,35.81640593208011,128.61606525288354,2742
22060660,35.83454237229736,128.6213507927458,9076
22060670,35.82891066430641,128.63309039529713,8683
22060680,35.82210357717749,128.6323168282744,4291
22060690,35.82042310278546,128.64513097418356,2762
22060700,35.8165437946776,128.64232975786544,2822
22060710,35.8342438223763,128.70897743980854,6384
22060720,35.839853198814616,128.6948405379474,11678
22060730,35.841625093735985,128.71264517832833,5518
22070550,35.85391802335877,128.5541556026369,4886
22070560,35.84000053587187,128.54068669752843,5063
22070570,35.8471813763952,128.5381567926744,7694
22070580,35.854629319379114,128.53897044533088,6910
22070590,35.84550658172269,128.5276854435512,11872
22070600,35.856519834491905,128.5111685476358,7958
22070610,35.853977008585176,128.48839374361978,34915
22070630,35.83056538208081,128.52767875098914,33270
22070650,35.81928444565633,128.5404142652872,7999
22070660,35.812924384386534,128.53855630223475,4906
22070670,35.80951409261287,128.5518462357398,2244
22070680,35.806513304022005,128.53717887810382,5310
22070690,35.82685000232824,128.55290587323992,5167
22070700,35.83004170364761,128.54706281266206,5607
22070710,35.83493837838376,128.53891826454,4595
22070720,35.85590778184548,128.52881420281844,7582
22070730,35.85612171314801,128.51893054291628,4349
22070740,35.85643223867366,128.50367608780002,13670
22070750,35.84356302493338,128.55231863902554,7454
22070760,35.85689903490661,128.56819721636188,7371
22070770,35.82510823575672,128.52650924977837,8789
22070780,35.80934712068369,128.52425131930025,13939
22070790,35.81702772139048,128.5152109492841,5112
22510110,35.80309743516846,128.4992325578608,14367
22510120,35.73911967859114,128.44078675832327,24944
22510130,35.86610157394376,128.47370248530538,23974
22510140,35.69309536126913,128.4660522483734,12037
22510150,35.784223290535046,128.45025204477597,7183
22510160,35.69051311056449,128.44727507699017,9451
22510310,35.77378448654119,128.6357736978505,5021
22510320,35.89339028650044,128.42557866150347,4095
22510360,35.65680224579907,128.41811759713372,14563
23010520,37.45161325357344,126.60599883249154,13343
23010530,37.47077291733656,126.6255073242695,10103
23010540,37.46146442334883,126.63277828854487,17304
23010560,37.4673589690703,126.63923859030183,994
23010570,37.46997872945121,126.63466817503993,743
23010580,37.4747743662661,126.62938273205951,3951
23010630,37.43056229398584,126.4050290513012,2653
23010640,37.490783683321844,126.49412204069398,52021
23010650,37.492139531605545,126.52447497332392,4737
23010670,37.47795309650731,126.61779084536421,4129
23010681,37.4889137478221,126.55391048293724,3049
23010691,37.4930019083964,126.56541886069687,3788
23020510,37.484357755729164,126.6225427202171,3152
23020520,37.48100780465072,126.63002215839121,1169
23020530,37.48286699805841,126.6331130784447,3715
23020550,37.47853427418846,126.63652724470528,1639
23020570,37.48212577724082,126.6427436125039,8028
23020580,37.47521523318591,126.63795240606723,702
23020590,37.47632558813081,126.64272899299631,2119
23020600,37.47321742598879,126.64923212284776,1895
23020610,37.478809989288344,126.65218523504791,8563
23020630,37.480841095301145,126.64871063014795,4340
23020640,37.471934080759695,126.64050729743136,1643
23040510,37.4234951473299,126.6510124409253,6994
23040520,37.426404903925885,126.69795464300755,3738
23040530,37.42361841629619,126.68000138644244,4170
23040540,37.41317853297455,126.68378356618264,6792
23040550,37.41888638165225,126.68955045873017,2752
23040560,37.42387306062031,126.66779161229559,7688
23040570,37.409845439484535,126.66510236963393,8068
23040580,37.403079398183436,126.67191392026814,4909
23040590,37.40785692581205,126.67757193122252,4522
23040600,37.42630507097262,126.64647442688799,3799
23040640,37.3870511569239,126.65151434824405,36528
23040650,37.37721364241008,126.6590380750805,35904
23040660,37.39825876582035,126.64354711140976,13256
23040680,37.39051010584193,126.62904325691518,10038
23040690,37.413636849497976,126.61898081349393,3325
23050510,37.44627560063646,126.71330370520369,17295
23050521,37.4553445138335,126.71494603668152,4505
23050530,37.45035283695883,126.70123944047685,37879
23050540,37.45111168337172,126.7229292202244,5542
23050550,37.458885075088915,126.70117355653093,6202
23050561,37.46062533372682,126.71066487303759,5604
23050570,37.466492816566685,126.71514487879591,8581
23050580,37.46666542469894,126.69732383809271,7753
23050590,37.45098084442353,126.73357486141342,7172
23050600,37.46341554254545,126.73394770152025,3572
23050610,37.46299389027378,126.72494581663526,2139
23050620,37.45830297576546,126.7368352091895,1784
23050630,37.45607517433794,126.7262586472124,4094
23050640,37.44286493687584,126.73735846426352,12919
23050670,37.42537613432859,126.72170701348061,19948
23050720,37.40550718832865,126.73366590260106,7510
23050730,37.40587392723285,126.71443519590156,22219
23050740,37.39515072685599,126.72473964935143,68277
23050750,37.441108151238595,126.75034420467938,5424
23050760,37.426549909897645,126.74858797882182,6873
23060510,37.4971971811096,126.71944219259508,14464
23060520,37.48567332996271,126.71800797454028,1892
23060530,37.4845575093816,126.709297665687,3562
23060540,37.50106820478624,126.72599034903503,19590
23060550,37.4948022743693,126.73146561105469,11527
23060560,37.48640374204556,126.72683330165331,5334
23060570,37.50786237099827,126.69813638627669,2346
23060580,37.50264422442416,126.7055406780971,4375
23060590,37.49164954439593,126.70641542594136,2674
23060600,37.50242939436029,126.71170818410026,2245
23060610,37.51958450414265,126.69973202979274,6231
23060620,37.51231776289728,126.71034039080898,34636
23060630,37.517787101313,126.72655717058176,8250
23060640,37.51110714678634,126.72665287179643,2786
23060650,37.52033327421884,126.74097081832271,5537
23060660,37.48563083900089,126.73641686068402,3553
23060670,37.493313328063564,126.73812655728457,3136
23060680,37.50255692050798,126.73820111268387,4569
23060690,37.48111663283667,126.74547170813112,6431
23060700,37.47691769388577,126.69774177897679,6620
23060710,37.47331867934798,126.70250361349919,5690
23060720,37.51247397485573,126.73792400113683,11258
23070510,37.53216599430892,126.71161086529239,4879
23070520,37.52685282405311,126.70824694171348,7849
23070530,37.54025155437784,126.72316727724686,8630
23070540,37.545704276256565,126.72429168876737,5492
23070550,37.539654704245095,126.73151687019934,5325
23070560,37.52976469529118,126.73021495538899,4799
23070570,37.532011463389594,126.72444819648136,8014
23070580,37.52979701610258,126.74056242455697,16958
23070610,37.546889160505174,126.7391919539346,6200
23070620,37.538984991367656,126.7403999791628,17842
23070630,37.56679202590874,126.73856288035626,4479
23070640,37.56383227430816,126.75400172719871,4640
23080510,37.56554226501126,126.6703846763852,19813
23080531,37.546526344844466,126.67665156418144,18595
23080541,37.52536993280636,126.67069467671381,7268
23080550,37.52544552703829,126.68090178760546,347
23080560,37.516784705975184,126.67931805920581,755
23080580,37.510342941170656,126.67058045496088,4988
23080590,37.50294111791136,126.67013234455364,14599
23080600,37.507374231144226,126.67850697545256,1670
23080620,37.49505976484978,126.67090760153359,26686
23080630,37.493665514411255,126.68522312868245,2755
23080640,37.493387069094275,126.67887018294022,14208
23080650,37.48840082788599,126.68614489624346,6803
23080730,37.51989107050501,126.6664722367835,21237
23080740,37.5336205935474,126.65513173131536,11759
23080780,37.533930955791625,126.64305586794994,9440
23080790,37.530861754297845,126.62617894257724,9335
23080800,37.607062298963285,126.66085932326544,9195
23080810,37.61614124887847,126.6874611042581,4417
23080840,37.597564481356045,126.6435110112961,33594
23080850,37.58918280104021,126.67598299501718,4964
23080860,37.5969910456048,126.67037570199089,4575
23080870,37.593424183420495,126.69727651773273,5272
23080880,37.59089351824503,126.71090251985287,4057
23090520,37.46075471917653,126.64721168704642,6463
23090540,37.46296314921944,126.65717617383824,2111
23090560,37.45697717327949,126.6416508483547,3260
23090570,37.45550190594931,126.65305111785769,2107
23090590,37.45033852249369,126.63978669118843,9485
23090600,37.441027011262484,126.66018986101216,8628
23090610,37.44271764573927,126.67260324399746,7421
23090620,37.46249614091799,126.66953724892812,5254
23090650,37.46182314180927,126.6806888951639,10653
23090660,37.4547497568068,126.6730251982482,3184
23090670,37.448186687864286,126.67172994594218,2162
23090680,37.45439596425456,126.68668827790333,6165
23090690,37.4675149288129,126.68126122207151,10853
23090700,37.46187969381101,126.69089530765535,8080
23090710,37.447151132520354,126.67794541397548,2991
23090720,37.44761456900163,126.6852855623967,4404
23090730,37.44354734208157,126.69385928949407,5163
23090740,37.43734995224602,126.68263906073595,3079
23090750,37.46543925733806,126.64634169846674,7054
23090760,37.452263127170646,126.66140990414547,7377
23090770,37.47186629262195,126.66426929290381,17835
24010510,35.1506647047037,126.91456573617296,25006
24010540,35.150888619321236,126.92563110684166,2839
24010560,35.15848121462862,126.91680790132403,4743
24010580,35.16023451697669,126.92419962857154,1848
24010590,35.155914112762915,126.92760109326264,2416
24010610,35.15747453668417,126.93599812847938,1413
24010620,35.14984098201042,126.93115161413724,2508
24010630,35.14919371819859,126.93793800588216,2524
24010640,35.14382259855736,126.92266221270478,13333
24010680,35.13571475799202,126.9247345146848,8435
24010710,35.13339786903825,126.93834654215124,3160
24010720,35.12699099972478,126.93380617799764,2171
24010730,35.10752848755974,126.93667572827917,3458
24020510,35.151446669560464,126.90394309406754,3807
24020530,35.15751920144046,126.89473869617734,542
24020540,35.15640946974154,126.8885415939917,7912
24020550,35.15025648755973,126.8862662180209,3904
24020560,35.16426955167263,126.87979909934582,6717
24020570,35.16482295697588,126.85957396299261,19704
24020580,35.15698556819276,126.86379885550794,9935
24020590,35.14649497481785,126.8624648671012,11457
24020600,35.15530416422743,126.8757003854742,5685
24020610,35.14528633090068,126.88247282898982,4309
24020620,35.14298369099311,126.8772589418569,3087
24020630,35.13994803925649,126.8723759517404,2289
24020640,35.13153758622206,126.84439155417147,22441
24020660,35.15224229516692,126.84590322843665,36241
24020670,35.12261949334858,126.8760325023106,10374
24020680,35.136059055542944,126.8592071119797,4463
24020690,35.12865509456568,126.85625419946213,5325
24020700,35.170260993134534,126.8642753711251,5029
24030510,35.13667187592069,126.91496555108343,2999
24030520,35.13371962959208,126.91745443757266,1688
24030530,35.12995333241691,126.91857363343233,1571
24030540,35.143789266538136,126.90887929724693,4238
24030570,35.14819150860662,126.8989857843264,2471
24030600,35.146191510759465,126.89200774582856,4025
24030610,35.14046166660679,126.89431041076811,2596
24030620,35.14015645788682,126.9053239045807,2288
24030630,35.13580361984366,126.90282944711757,3202
24030640,35.129408171803796,126.89684341993343,5917
24030650,35.136728387437515,126.89172635422695,2675
24030670,35.10319772634782,126.87887234733721,10345
24030680,35.13000526774867,126.90835319714641,6119
24030690,35.12323402722439,126.913069756691,7172
24030700,35.081623132679745,126.8286223167654,1533
24030710,35.11785693876779,126.89859397463454,6126
24030720,35.1046845204546,126.8987023291731,3450
24050511,35.1369575534501,126.80086235920874,1660
24050512,35.136671479917254,126.79205495940887,7585
24050513,35.14343649468696,126.8063964400728,1260
24050514,35.151273340449784,126.7871886149054,11536
24050515,35.217305238090034,126.8221142348463,12015
24050516,35.21221337372758,126.84369518008121,14015
24050517,35.19130395897212,126.81901986765762,15814
24050518,35.21474441224069,126.75875159222888,2155
24050519,35.18580199312156,126.70938119478237,1405
24050521,35.19365354106616,126.83933367580264,8131
24050540,35.12971177082132,126.79123878993366,2591
24050580,35.159783961429,126.80907665690192,12230
24050590,35.16676026652224,126.8120033436015,2672
24050600,35.1724416246099,126.80738273380467,5713
24050630,35.17880777607449,126.79944203648145,42303
24050650,35.09531034558521,126.77449332602164,907
24050660,35.12790616003327,126.75868986563093,19782
24050670,35.15062769286508,126.6847905396721,1770
24050690,35.220602545839554,126.83900791507202,6423
24050710,35.175964820784905,126.82018145307197,5412
24050740,35.184662766399384,126.83498603901856,5261
25010530,36.31172383763314,127.45168765718766,7224
25010550,36.31784497979571,127.46089757286215,2956
25010560,36.32194833345833,127.45615007145089,1162
25010570,36.32906413602354,127.45921609226336,4687
25010600,36.33794978545543,127.44978096241763,3843
25010630,36.34262542151024,127.44195713310039,4738
25010640,36.34887373891259,127.44967427424119,6256
25010650,36.35396427110874,127.43280580543016,10414
25010680,36.34723002522103,127.42621311870379,2156
25010730,36.36255165464,127.48816360177184,580
25010750,36.28510906065303,127.46336412833678,9274
25010760,36.33249065108197,127.43572607567968,11277
25010770,36.32259769385465,127.44129410720781,2739
25010780,36.32823990280287,127.44370745565597,3047
25010790,36.34376987963272,127.43436497897542,3506
25010800,36.34014841152247,127.42445021537753,6127
25020510,36.330324001502554,127.41895047394915,13477
25020530,36.33379757616088,127.4093492612302,3611
25020540,36.340897210845505,127.40948492286951,3872
25020550,36.322665562446616,127.4258982238973,12818
25020560,36.317984252995025,127.43586208465973,2203
25020570,36.30349939692056,127.44659029125968,3975
25020580,36.31641504341773,127.42097763128594,6189
25020590,36.31220082465325,127.43269888207294,4121
25020600,36.328330590849546,127.4093724594283,3815
25020620,36.324469908595354,127.40598592149215,9555
25020630,36.32677098912095,127.39863174675833,3183
25020640,36.32127385208468,127.39046542109887,2907
25020650,36.31530066900928,127.39299512316198,3166
25020660,36.31922855573717,127.40004339529641,3789
25020670,36.31645864161904,127.41013639953003,6031
25020680,36.30842445372341,127.40045735827682,2345
25020690,36.30172668631588,127.38913657510201,10329
25030510,36.3029082038229,127.37639018347949,6231
25030511,36.30062230007524,127.35248684721185,3259
25030512,36.31880877759573,127.34711284115913,9938
25030520,36.31835554804381,127.37880400829896,4929
25030530,36.31743653551625,127.37161122281283,4360
25030540,36.302697184176054,127.3652868521875,3495
25030550,36.32643015794423,127.37706283238516,6471
25030560,36.336574951605066,127.39349399244446,4456
25030570,36.34517782669518,127.39163304048724,22661
25030590,36.35297537157271,127.39195069929472,15281
25030600,36.356781758769586,127.386808986704,44597
25030610,36.33873645900258,127.38288541911804,9120
25030620,36.33261185715092,127.3865740064776,2062
25030630,36.33389251464804,127.37526944408823,4056
25030640,36.348454556022524,127.36789043847818,5636
25030650,36.34586980246282,127.37412471303693,5446
25030660,36.35459710886532,127.3607517274838,7765
25030670,36.362259369928346,127.37428381893984,8081
25030680,36.360307742638504,127.36870337097746,1534
25030690,36.36793741211457,127.37757220955923,7684
25030710,36.24366277846379,127.32859634764168,2552
25030720,36.3066117873265,127.33815513450234,5975
25030730,36.29657152575507,127.33559051607584,9662
25030740,36.35380902894719,127.39842688486894,2566
25040540,36.36451502133401,127.34374163670265,31851
25040550,36.390736753987895,127.36025953100751,34891
25040570,36.39868047208936,127.40500842036036,19711
25040590,36.37002781237306,127.31848355792673,12626
25040610,36.43936912872584,127.38015485443316,6693
25040630,36.420244770241126,127.38978556688399,33814
25040640,36.35460544918985,127.33737403220995,20497
25040660,36.38478035520927,127.32091228377594,8202
25040670,36.38684722136097,127.30777400858834,7773
25040680,36.305544991583986,127.31888407663901,11501
25040690,36.34480980188716,127.30426777047036,10201
25040700,36.341351266802455,127.33395140184152,4343
25040710,36.342517719073136,127.34410025215409,6889
31011540,37.310676461645215,126.99211825759762,12051
31011550,37.298178174515606,126.97180874540356,11215
31011560,37.30436718430285,126.99013172107739,4480
31011570,37.2921890854627,126.99823307704419,7305
31011580,37.29038925871423,127.01129876883672,8090
31011590,37.302160482574486,127.00398499905947,8375
31011600,37.30044991932745,127.01656620675722,6745
31011610,37.295938060331146,127.02786823168685,6715
31011620,37.29817744472338,126.98474114741418,9730
31011630,37.305755898901836,127.00925234606808,3764
31012520,37.26235500797141,127.00709811220702,1862
31012530,37.2513863145617,127.01330114030378,6312
31012540,37.259439961743126,127.01486788605867,6172
31012550,37.245981163495685,126.97566250574019,40570
31012560,37.27037922358851,126.98125097521643,13464
31012570,37.28109568417923,126.97466985280015,6407
31012600,37.25794197833719,127.02744490587754,15048
31012610,37.242653679938634,127.0332842873636,9257
31012620,37.29253683905627,126.94615691660405,2741
31012640,37.247777800359344,127.02649592048364,7609
31012650,37.273425463345426,126.94543930648287,10133
31012660,37.26378677873219,126.95516741839559,7114
31013530,37.28092277604855,127.02557850949935,5363
31013540,37.28695566541555,127.03108019272528,5764
31013550,37.27945779590493,127.03787709267475,4773
31013560,37.27000107164511,127.02910966061796,49849
31013670,37.26845386975266,127.0163174218902,3939
31013680,37.26767733225503,127.0060074115368,11604
31013690,37.274400193606006,127.00249426490304,2603
31013700,37.28082208869178,127.00027822070284,4710
31013710,37.28598403225013,126.99067776218828,5501
31013720,37.28149825777239,127.01651741744436,8422
31014510,37.27209178145628,127.04068500847912,2012
31014520,37.27051657640401,127.05147523019117,4135
31014530,37.25909716801295,127.04420215446817,55259
31014540,37.266573571933016,127.0472340171413,2320
31014600,37.271950929657535,127.05879141872683,23858
31014620,37.29450102555818,127.05079982637777,33259
31014630,37.28951950248992,127.07032194537462,12170
31014640,37.2617156068714,127.07935261022757,3826
31014650,37.24793916835837,127.05744854550588,16339
31014660,37.25071454607383,127.06959533481425,15932
31014670,37.23950618485019,127.05847523081226,3668
31014680,37.24208026540264,127.0469198186776,3955
31021510,37.4409047339968,127.14051787078648,4389
31021520,37.449914934365715,127.14801247299043,3694
31021530,37.443166624964086,127.14642078284754,4566
31021540,37.443353619749296,127.1276575003115,4832
31021550,37.4472200355507,127.13634762567159,3989
31021560,37.445565072122065,127.1322351545096,2675
31021570,37.4477871386347,127.14096771432509,2191
31021580,37.43835498776276,127.13575316911947,2814
31021590,37.43759955352028,127.12859808608462,5320
31021600,37.452944095161975,127.15719247254542,3652
31021610,37.45602589989177,127.15380360118445,1145
31021620,37.45934321871496,127.16329820116263,1996
31021640,37.45207864781422,127.10285135626573,1266
31021650,37.42926576812996,127.09653497462801,4921
31021660,37.41499453749548,127.09845148002388,11795
31021670,37.45977687440467,127.12890506787139,10288
31021680,37.46973899979996,127.14495932620933,18252
31022510,37.432655608966286,127.13573576038699,14638
31022530,37.443955872191616,127.16470898900938,2378
31022540,37.44849760925127,127.16478754622815,5477
31022550,37.45199226248707,127.1666994991574,696
31022560,37.457671897279866,127.16780505796015,2662
31022570,37.43790971410741,127.16937116531341,45020
31022580,37.43897863857709,127.15971141731019,5483
31022590,37.43883643195796,127.1631865090936,1877
31022600,37.429752238956745,127.1479975158014,6144
31022610,37.41599634864045,127.14731305186805,10766
31022620,37.439783610307195,127.15217854941763,1785
31023510,37.370529249421764,127.13805262988565,3394
31023520,37.367317145187506,127.12609413720051,2299
31023530,37.37653719430213,127.11684907226987,21830
31023540,37.371987394837994,127.12130758794635,1903
31023550,37.3661636711582,127.11875060186524,1296
31023560,37.36015633332109,127.1203279943021,4129
31023580,37.381792988427556,127.12983783753862,35919
31023590,37.37470563396256,127.13670859516662,3238
31023600,37.39500117590709,127.12816080623847,5199
31023610,37.40030045411063,127.12174571277302,2167
31023620,37.41444199517789,127.12843084762032,24514
31023630,37.41069833321662,127.14109856186761,13586
31023640,37.4076456740015,127.12736041262866,7207
31023670,37.33980777972273,127.11715962093506,22958
31023680,37.380936938847086,127.07099850537286,8375
31023710,37.35453958145682,127.10779922423147,13447
31023720,37.3483270380104,127.11296029949285,9770
31023740,37.40152608783253,127.11516493705325,98990
31023750,37.39029745966989,127.09344946298422,6219
31023760,37.390581553122125,127.11326571751982,22403
31023770,37.36833178503454,127.10703153826636,33750
31023780,37.366727959353156,127.11242002247887,4797
31030520,37.73623544846171,127.04009841631924,20419
31030550,37.71151913722312,127.0476892210355,7619
31030560,37.718927880608874,127.05676197475805,3325
31030570,37.73273060656736,127.06124503929463,5135
31030580,37.744685039671225,127.06487687068967,11287
31030591,37.73683478054759,127.08295150582931,10368
31030600,37.75252560080289,127.06486664783738,13329
31030640,37.758732104919275,127.03532094742289,5132
31030650,37.726192613856426,127.04397336387339,6036
31030670,37.74354041470843,127.03143046166213,5140
31030680,37.750718406442466,127.03714200764057,6465
31030690,37.73998791635008,127.04935136232046,19653
31030700,37.7406282339114,127.09228819729725,5747
31030710,37.7511309274642,127.10832681638482,12055
31030721,37.731879281017335,127.1107428297919,3056
31041510,37.400142223783746,126.92515466442312,7085
31041520,37.40872490702487,126.91706051638818,6993
31041530,37.39863869445947,126.91429503285781,4857
31041540,37.396068129595626,126.91827674359622,5356
31041550,37.39317330369115,126.9226653831829,4782
31041560,37.38875706349007,126.92940217833971,10465
31041570,37.3934808237167,126.9345058125128,19882
31041580,37.380798515126465,126.93297036046357,5394
31041590,37.38930914490024,126.90818787723784,1987
31041600,37.421254606760016,126.91280707543042,5502
31041610,37.418745735861215,126.90615934769987,9097
31041630,37.40426063245868,126.90920092127813,3134
31041640,37.40205773615617,126.90008781640283,6168
31041651,37.4070928743299,126.8988941101842,1699
31042510,37.40230563664336,126.93518762016986,3430
31042520,37.39701731657278,126.93959513008886,2456
31042530,37.40624053652102,126.94999010249983,5851
31042540,37.39428175331689,126.9457943662588,5445
31042550,37.39627215800547,126.95092803511318,5393
31042580,37.39758425400581,126.95751763412461,17031
31042590,37.393209855938146,126.97766174426106,11196
31042600,37.389023649091804,126.96440395396965,4619
31042610,37.385330276639266,126.9670302638344,4924
31042620,37.373687839008156,126.95629378249674,20345
31042630,37.38372080676669,126.9487219008707,10214
31042640,37.365531555721276,126.95980495235857,5264
31042650,37.38736077941896,126.95446182371003,12732
31042660,37.38126590193105,126.956396932127,3115
31042670,37.376763298295536,126.9652958059066,1794
31042681,37.40736856819578,126.96379963857204,10181
31042691,37.40073500473535,126.9709158073406,56366
31051511,37.49251749816455,126.78215107671183,4739
31051521,37.48648525815701,126.78378266107698,9697
31051531,37.48951276729682,126.77460511262537,2793
31051541,37.49067104528249,126.78990388362313,3165
31051551,37.48496169039613,126.79519665915123,4416
31051561,37.495605666525734,126.7908712369978,10206
31051571,37.4898574262208,126.81397860718356,3885
31051581,37.48628554500459,126.80601615160394,2701
31051591,37.50255014471838,126.78714450362409,19531
31051601,37.514857619458695,126.78771138155788,24321
31051611,37.4911587514041,126.76704848128918,4904
31051621,37.49191325425327,126.75976138118386,18270
31051631,37.51284097882679,126.76994422565346,5724
31051641,37.49999715813314,126.76607621232453,30264
31051651,37.49703129871086,126.77601630570898,7258
31051661,37.50753625801341,126.77146297881016,7570
31051671,37.50795811792602,126.76355991518929,3642
31051681,37.493592259346386,126.7515537817684,5517
31051691,37.49896616666801,126.749896589327,15054
31051701,37.511082440681626,126.75485845181373,11830
31052511,37.47989465607046,126.77612389337628,3148
31052521,37.47990861989946,126.7825448303038,4425
31052531,37.48384768377526,126.7584570306579,7133
31052541,37.48222042425408,126.76906903402941,5279
31052551,37.477345898320884,126.79445942317555,6798
31052561,37.472171562004114,126.80054133647076,4405
31052571,37.471370156373396,126.80895670772432,2490
31052581,37.464639074918416,126.81906161030643,7333
31052591,37.47868939590763,126.80632956536607,3507
31052601,37.48288416511517,126.81537945495998,5483
31053511,37.51642371632682,126.80526584063638,8078
31053521,37.52721588571731,126.82147191083504,4218
31053531,37.526067151014324,126.81337034405715,2373
31053541,37.52670860369812,126.80757479994254,3859
31053551,37.52568293002661,126.80072737985805,3520
31053561,37.52909686091409,126.78602797136276,11879
31053571,37.51933413375255,126.77620924418301,34324
31060510,37.48723476961188,126.86199343696097,72
31060520,37.483311282089424,126.8560434769722,870
31060530,37.479979468054324,126.85707562030827,3902
31060540,37.477974809310275,126.85276569607244,2709
31060550,37.47682363760526,126.84884846575719,2526
31060560,37.471142347988284,126.84958269145706,4963
31060570,37.47108701365133,126.85486773735788,3786
31060580,37.48999888162319,126.86730303283993,1524
31060590,37.48237193825417,126.86452351782513,1896
31060600,37.47497175912485,126.87144920448387,14898
31060610,37.47105598856118,126.86477711655006,1029
31060620,37.465559492796736,126.86824990968339,6497
31060630,37.464174184651874,126.87571101489767,2177
31060640,37.45984972318644,126.8821670811475,5603
31060650,37.46603410709615,126.87929232852903,1455
31060660,37.449690761351924,126.88839588706624,24109
31060680,37.42944412529303,126.85235549112429,6964
31060690,37.433928742026595,126.8814554239726,4280
31060700,37.41711311304147,126.88345476352869,16648
31070110,36.961527416277704,127.0528608765274,10924
31070120,36.984307033718935,126.9267199960228,13909
31070130,36.98533257119264,126.85551505487919,30030
31070140,37.02766399178654,126.92264814260773,22612
31070310,37.109831937826605,127.08062791737528,25184
31070320,37.11301981321347,127.02535079097879,13641
31070330,37.028389974375806,127.03208305816396,7122
31070340,37.008276034302554,126.98497938693055,4919
31070370,36.95121183093558,126.92413292772439,1522
31070510,37.05687007260171,127.06253119491902,12508
31070520,37.069108453968695,127.05632920147737,7645
31070530,37.038746924139296,127.0927925401774,19512
31070550,37.07608794846262,127.05906961808465,2303
31070560,37.081647864274586,127.06483022520396,5383
31070570,37.08484658597619,127.0511961333963,1519
31070580,37.076518704623965,127.05073958577329,2484
31070590,36.98994773804878,127.10146774818404,16607
31070600,36.991061136727346,127.0798597004824,3415
31070610,36.99837394599525,127.08619690008504,3139
31070640,37.01138240763669,127.08112729936936,12413
31070650,36.993490541079254,127.11672437872194,12256
31070660,36.99974880331289,127.1384513172359,4593
31070670,37.00463254828364,127.10715005233699,18909
31070680,37.018111722744955,127.09582224817318,6130
31070690,37.04533959273886,127.03789693718623,21648
31080510,37.90888097396658,127.06275285732171,1923
31080520,37.89924000554823,127.05083380791511,2729
31080530,37.90808915626384,127.0546155446873,3275
31080550,37.916058788702465,127.0622953360563,901
31080560,37.89455557205184,127.0662601182804,5443
31080580,37.938741222977406,127.05520330071941,5809
31080600,37.908314793773016,127.04310647721863,2722
31080610,37.88961081373238,127.05207395352107,7755
31091510,37.31362052984772,126.86693068252801,5442
31091540,37.289398523194,126.86555736266442,10167
31091550,37.295138774378835,126.86849805831272,5042
31091560,37.299265788352734,126.86661233663435,5679
31091570,37.33036810636932,126.86289027827524,4599
31091580,37.33337174740776,126.84963816254299,8433
31091620,37.32302471764898,126.84597798444894,4181
31091710,37.30637724194662,126.90446868262545,9404
31091730,37.3616110498383,126.87752656281585,4660
31091740,37.30862766002986,126.8561606169113,11272
31091760,37.29990481770118,126.85140127128028,7727
31091770,37.285889357595906,126.85043146498077,5632
31091780,37.29149031318749,126.83034166733854,8628
31092590,37.33930713219128,126.82364697986235,5150
31092660,37.31119466426891,126.80806763761294,119041
31092680,37.33174731014721,126.80837038010338,3743
31092690,37.34113968698202,126.80384655106661,5545
31092700,37.34253402169507,126.81347483077181,6018
31092720,37.22923668214179,126.57866807874052,4836
31092730,37.30947440602224,126.83135935212165,30136
31092740,37.326192390878006,126.82587215444784,9928
31092750,37.32336708818104,126.83770858595547,20073
31092760,37.33185955237372,126.79385460178045,16155
31092770,37.33554641756623,126.77829355210329,18686
31092780,37.32710427369122,126.80008407595606,3567
31101510,37.66152649233938,126.83355890698711,5141
31101511,37.63127494489741,126.8695712741841,12239
31101512,37.65584475470129,126.89587602671409,3981
31101513,37.650421832956916,126.87623046644842,6265
31101514,37.62539118367746,126.83933334902214,3359
31101515,37.619727062717395,126.84707117335647,3546
31101520,37.66588888673751,126.88576867940662,5687
31101540,37.658359807125606,126.8404933611409,7449
31101550,37.65256435044916,126.83646072133456,1914
31101560,37.65233568817701,126.91957961360517,3547
31101580,37.64436235820607,126.89172133355667,11918
31101590,37.70848122996304,126.90135386267896,8108
31101600,37.707005021012385,126.85942528096204,8394
31101610,37.627894702739354,126.81737699789473,4172
31101620,37.641859616173996,126.8337031743968,12444
31101630,37.630371550422055,126.83075155563303,10756
31101640,37.621246035972646,126.82360916889773,6569
31101650,37.62112096896017,126.83373370265934,3602
31101660,37.615564728572025,126.83764906519085,8746
31101670,37.60089262551953,126.89022693717665,5448
31101680,37.582813698357214,126.86492158181719,4130
31103510,37.67781261477502,126.81172199562008,13457
31103511,37.69045083950933,126.78076123586213,4448
31103512,37.67959787937396,126.785391775543,5654
31103530,37.67064856372973,126.77773921537425,6977
31103540,37.668137598177196,126.79856590592242,9580
31103550,37.648517024895924,126.79029223644484,15189
31103560,37.65878675233251,126.78862425829443,10014
31103570,37.65351284840755,126.7822224466291,4279
31103580,37.6582822003589,126.75408044780909,11864
31103590,37.65458971676709,126.77240269511839,39559
31103600,37.706495012881284,126.81453122977632,26803
31103610,37.64207211612906,126.78494773721353,11023
31104510,37.687771510494066,126.76754974700052,3048
31104511,37.694033809105704,126.76654137575632,6441
31104512,37.70147649058664,126.765980397019,2348
31104513,37.69813763497185,126.74779472999947,10172
31104514,37.688596384610435,126.71794200258225,8303
31104520,37.68532189103097,126.77466814358657,3868
31104530,37.678731100929014,126.76766026359583,4474
31104550,37.66983705546883,126.76587208164457,5142
31104560,37.672810700186396,126.75794631040553,7843
31104570,37.676381326823204,126.75137005188867,20367
31104580,37.670876579699716,126.73257146358048,5593
31110510,37.43259477043218,126.99178501665871,10752
31110521,37.41190981754865,126.98568039703521,1862
31110522,37.42150949404005,126.9909826967722,2411
31110530,37.42711681584402,126.99677526303311,8501
31110540,37.434771747805726,126.99888140301196,1011
31110550,37.45117182749127,127.00563802503392,11230
31110560,37.42592208200827,127.00716108653637,3115
31120510,37.63174182821573,127.11784642497115,7627
31120520,37.61061775519427,127.13989671271405,14696
31120530,37.60645578717573,127.13334568418334,9145
31120540,37.59448987812825,127.12801209024794,10759
31120550,37.58970404454599,127.13510351848555,2475
31120560,37.59851398346256,127.14666676955967,6794
31120570,37.5943548665466,127.14295026092036,4206
31120580,37.588864252081464,127.14410385732232,9326
31130110,37.58491447672593,127.21917971836841,14491
31130111,37.65575431281704,127.30317403268947,31580
31130120,37.723138453518146,127.19397570179537,33486
31130140,37.65938509946923,127.1819356297556,16564
31130150,37.692184349584075,127.20578458776876,13549
31130160,37.65169896681261,127.14446615290146,4203
31130310,37.70966145402222,127.1175893075527,4616
31130340,37.717141185903586,127.314829631708,7311
31130350,37.56546485016293,127.30562451228089,1164
31130510,37.65868291409199,127.24849572906226,10923
31130520,37.645701704628266,127.23811030769238,8723
31130530,37.633552724737605,127.20737817572977,8500
31130540,37.60889956480533,127.19133720725335,7059
31130570,37.65757662390841,127.11971404783203,22750
31130580,37.61871010209032,127.15630391025597,18990
31130590,37.60193781887153,127.16762812735169,10904
31140510,37.15351798157601,127.08054762959387,10381
31140530,37.15749752704751,127.05699637894546,15435
31140550,37.186559001155885,127.03994849165326,15287
31140560,37.143192515285094,127.04831130212858,4898
31140571,37.17345015917888,127.051161424674,6450
31140572,37.16812324394333,127.06765125443417,6654
31140581,37.13783588365178,127.07167487291042,16246
31140582,37.13472558488121,127.08419435444887,3783
31150510,37.4466868863543,126.79229321125743,18525
31150520,37.43731959942824,126.78480933618928,12571
31150530,37.41321358672712,126.78667095751462,8269
31150540,37.437711770850264,126.80030287212672,12513
31150550,37.41371474436182,126.81421102135464,6377
31150560,37.37884529715948,126.85460554101361,10771
31150590,37.43206476266996,126.83786659057868,8645
31150611,37.35225666685618,126.73125721570634,25871
31150620,37.35118331266601,126.70981293596664,23758
31150640,37.3475766319172,126.75154558946267,9110
31150650,37.34065920630024,126.74465919849555,43849
31150670,37.36891614953403,126.80935309439279,5582
31150680,37.34732951474932,126.7822675735535,5039
31150690,37.38928805846056,126.7414241537733,5671
31150700,37.38989162375666,126.8050028476673,8847
31150710,37.377474120047445,126.78887922509219,5400
31150720,37.36168294479653,126.73090356260661,2805
31150740,37.37543849142047,126.73083246617882,5234
31150750,37.36477537271322,126.71972557345534,11658
31150760,37.32122785721467,126.69173255525655,11088
31160510,37.351009498153346,126.94842932827952,39239
31160520,37.344541340046334,126.93977557732158,8727
31160540,37.37238545933879,126.93929429652859,8459
31160550,37.36954647799669,126.93359698590373,5276
31160560,37.36557524996833,126.94331396118267,11517
31160570,37.359031539153136,126.93796968837145,5623
31160580,37.351076898836354,126.92992857467857,1717
31160590,37.35350178830493,126.9217840497166,1687
31160600,37.36193339294456,126.92328482608457,2126
31160610,37.36365777388947,126.9284950703849,13857
31160630,37.329126206866384,126.91567210374826,3026
31160640,37.3195187032974,126.93058274860806,16200
31170510,37.34520365304661,126.97702750792337,10766
31170520,37.31976127463214,126.95430733725362,15016
31170530,37.35868880024834,126.97020258321498,9405
31170540,37.380282909143105,126.97354151596593,4209
31170550,37.38900152167172,126.97941196855189,2704
31170560,37.3886437369686,126.99614621622287,18353
31180510,37.521554145480856,127.22688859891355,12105
31180520,37.5391105403259,127.20690365523578,3026
31180530,37.54071010273048,127.2183713645634,12873
31180540,37.53462607491846,127.20019062905304,1936
31180550,37.54126566222975,127.19935074993106,2423
31180560,37.5484883531751,127.20483799155905,14226
31180590,37.51573721777249,127.19595467627472,6969
31180600,37.53546293491783,127.17360794591133,7786
31180611,37.55507668351378,127.18950542663369,18788
31180620,37.56259804716722,127.19198988334041,14768
31180630,37.57231282273282,127.18564864856287,8360
31180650,37.480406412279784,127.15393090299871,3187
31180660,37.519863077676696,127.15809218264546,5183
31180670,37.506383062228494,127.15928741145869,4138
31192520,37.27517299973238,127.11976116970581,19496
31192540,37.2369004795544,127.11156368035815,14639
31192550,37.239852584733086,127.07334372117326,25529
31192560,37.29422623035708,127.13427912230446,9301
31192570,37.301189313252365,127.11796365432902,12469
31192590,37.31221823414545,127.10974882092604,16089
31192600,37.264486445817326,127.1392047958467,5696
31192610,37.280628242781205,127.10824371635935,10192
31192630,37.27485798551489,127.07674025923313,18466
31192640,37.26309225200041,127.09457218882997,10107
31192650,37.2648428723117,127.10881055721369,3704
31192660,37.25169401326916,127.1171109535024,10592
31192670,37.283433455129156,127.15892832792603,3786
31192680,37.268928989483506,127.15739266998455,14289
31192690,37.280446762650264,127.14729601313655,5363
31193510,37.32779884623319,127.09528145136062,9043
31193520,37.318247562352646,127.09030309702152,7639
31193530,37.327508669906294,127.0720826046709,5922
31193550,37.33299022053699,127.10813096251216,6181
31193560,37.340191437029254,127.08911752185819,16147
31193580,37.30853057589704,127.08848732897015,4540
31193590,37.31629337383154,127.07093140491236,8631
31193600,37.33205294880653,127.122256973132,10652
31193610,37.32522332361616,127.11881819240624,6712
31193620,37.306953969264256,127.08042556387292,2207
31193630,37.300643841692214,127.07284136333789,12045
31200110,37.86355807604569,126.78765961115052,14667
31200120,37.831178260466594,126.81951624306373,9422
31200130,37.85646072102133,126.87716442382235,6780
31200150,37.74188599396666,126.81411052851455,14792
31200310,37.79800594000138,126.78242674359993,34018
31200320,37.78779794385463,126.70919799860454,19496
31200350,37.77609084594786,126.86845791438715,14608
31200360,37.92245640126425,126.84710952050466,2342
31200370,37.95905945408015,126.92485904412152,3575
31200390,37.94893969434098,126.75697998844086,215
31200511,37.730296402999514,126.71621943016571,27946
31200512,37.73137046821674,126.75694174578176,9332
31200513,37.71212832378042,126.74635059888045,13661
31200514,37.7182822423164,126.77045444736456,7939
31200515,37.727537982139836,126.71981249381838,10546
31200516,37.713673044888495,126.71864579033999,886
31200520,37.75313966943251,126.77105981948984,8965
31200530,37.759910751696516,126.77743336821408,15687
31200540,37.77286114520903,126.76567066422002,7221
31200570,37.72678317947943,126.73947983847643,8927
31210110,37.12542512555502,127.61020187619424,4544
31210120,37.26430085176937,127.49151755449608,43116
31210310,37.31062227469539,127.41148417822363,8107
31210320,37.318869529213906,127.47743374006681,5549
31210330,37.2258323103791,127.41618784959256,8790
31210340,37.250256946418475,127.36346362823372,15026
31210350,37.23405332550284,127.49195013306962,7340
31210360,37.17484736796449,127.47022347485222,5089
31210370,37.13894630151077,127.52091482591966,3964
31210380,37.07844595624595,127.54732362856917,1654
31210510,37.28311939111057,127.44654897512798,7761
31210520,37.26185742672039,127.44844429373275,13421
31210530,37.28661340690629,127.4304332938949,5903
31210540,37.289294755322494,127.45075167697568,10646
31240120,37.2175972492955,126.95681047510546,34884
31240130,37.08376668747619,126.79661409123042,27490
31240140,37.11932506527397,126.91471203968406,49580
31240150,37.20215982336385,126.82533056213926,43711
31240310,37.255795426426076,126.91761032044734,2913
31240330,37.23596166434821,126.87065253632011,8824
31240350,37.193119825286274,126.77061722360989,20256
31240360,37.222519599856355,126.72045329853684,9678
31240370,37.164090983200566,126.6891172730763,10985
31240380,37.15500604162167,126.88847831229124,39335
31240390,37.08432458151786,126.83700804548958,24580
31240420,37.09010966593236,126.95868961774727,17691
31240430,37.161421947522086,126.98944874550115,30986
31240520,37.217781295335875,127.04382445284615,16840
31240530,37.20388298490318,127.03678417848712,7439
31240540,37.210883100446516,127.04623200025172,4706
31240550,37.22985190585915,127.06073460721707,66711
31240560,37.22341311356058,126.9799367735229,6126
31240570,37.20539634199675,127.00822445129243,13341
31240600,37.19367167634022,127.07347064315832,5367
31240610,37.20655553379418,127.07059211154014,35351
31240620,37.20813344053361,127.05677686947085,7791
31240640,37.19872504174342,127.11053302835602,6032
31240650,37.20993827639583,127.1097266628385,40650
31240670,37.283609861419556,126.82091300586778,3279
31240691,37.17066538277873,127.11449740093975,10223
31240700,37.19241617359023,127.09431066805571,29619
31240710,37.16176369788968,127.10726992680833,4785
31240720,37.18456799248255,127.12579624000706,7365
31250120,37.38694147835741,127.29860387446065,27821
31250140,37.353960886214686,127.35789270348002,21270
31250340,37.31326031229773,127.32365082711594,12407
31250350,37.46174554968457,127.32537600898901,3502
31250360,37.499426920759596,127.31565269552361,502
31250380,37.4637457494188,127.23239417151206,1266
31250511,37.359384330249284,127.21805332981732,14028
31250512,37.37287881560375,127.25348763961013,10163
31250513,37.36427933866207,127.15855910142868,5652
31250514,37.35172105429427,127.16811189059139,4945
31250540,37.40609188809026,127.25187583223683,12792
31250550,37.421423301000495,127.26131755519997,10128
31250560,37.39956394622554,127.27354637897002,2588
31250570,37.424859013960436,127.23484698434729,8618
31250580,37.399024931141646,127.22062883810123,19061
31250590,37.38437470812957,127.23118013469906,3970
31260110,37.79230228969965,126.98557027302613,10939
31260310,37.876083382681145,127.02244570421051,12329
31260320,37.88784777156892,126.98020847773948,8574
31260330,37.829462595906655,126.97750760412409,13562
31260340,37.71884928181647,126.96213973029626,6187
31260510,37.78892139665787,127.04012349686445,5202
31260520,37.797653891088785,127.08902655068151,13854
31260530,37.84580606122051,127.06641531108093,6403
31260540,37.82112164298824,127.05110849432246,8625
31260550,37.83421120134225,127.06996874214907,4640
31260561,37.82948511297003,127.0943850082435,4562
31260571,37.81680609073139,127.09170708809525,7470
31280110,37.21077295633531,127.55833115218162,9849
31280310,37.19578533409119,127.67930200626043,2797
31280330,37.34095317856426,127.53401183428899,2185
31280340,37.39666068777013,127.50817600012397,931
31280350,37.40700956136887,127.44644318521811,1372
31280360,37.380320989071876,127.59808251882832,3606
31280370,37.34213844320606,127.68609795669894,4004
31280380,37.28118317609312,127.71537087749643,2386
31280390,37.29196216819169,127.58123571968052,3077
31280510,37.27395766012891,127.6449791706869,15342
31280520,37.28372087270138,127.62872790844177,8645
31280530,37.309308374808104,127.64371978006508,4944
31550110,38.09851704193088,127.0807395808732,6528
31550120,38.02398811674665,127.06686038445086,7764
31550310,38.06657019276282,127.03439255789783,1140
31550320,38.01033615659584,127.09773057729593,2065
31550330,38.02223605983523,126.91490846775116,1670
31550340,38.039994289114695,126.97811391026653,528
31550350,38.083599739790486,126.95969843405226,228
31550360,38.1901888320112,127.107722692971,1508
31550370,38.17964187734603,126.99108669587221,39
31550380,37.99059033078413,126.83931254547744,293
31570110,37.826646542827795,127.50711081669182,10375
31570310,37.66087240843562,127.49879094046268,5583
31570320,37.7368971943456,127.42125528620002,6290
31570330,37.786372417485616,127.35313825598816,3348
31570350,37.92257411025365,127.52350133894059,2081
31570360,37.83501618851308,127.3551155223809,3475
31580110,37.49266450358141,127.50177393024336,14932
31580310,37.47353756213047,127.476337586925,2334
31580320,37.47784462640409,127.41033514677763,1490
31580330,37.539048317018086,127.36585735463657,3708
31580340,37.53040592630084,127.46708142041055,2183
31580350,37.60659269009834,127.38602628090993,2570
31580360,37.55717544725066,127.65367518550387,1092
31580370,37.54897000946109,127.73752093375467,1113
31580380,37.43580531164776,127.74490360869848,1374
31580390,37.45406637992086,127.64123051402247,1619
31580400,37.49837628190245,127.59827202556423,4881
31580410,37.43749854975347,127.54529700754897,1150
32010110,37.94347529277119,127.75853556444983,3910
32010310,37.89058827704983,127.76343026165996,10378
32010320,37.76822304419622,127.77128783021703,2071
32010330,37.81855717244437,127.71665612023197,2232
32010340,37.849545007086306,127.76210037898099,10728
32010350,37.74281201307292,127.5994448364742,949
32010360,37.78681337334092,127.6331866905621,4761
32010370,37.89971272422692,127.65371271862875,1837
32010380,38.00774594688603,127.65109985536283,701
32010390,38.00000878711049,127.89709074086895,184
32010520,37.8813707494253,127.73678038856772,3285
32010530,37.87836869453112,127.73162060383432,3393
32010540,37.87375588140519,127.72402196746616,2944
32010570,37.87821473900014,127.71826281688594,4114
32010580,37.88500081985578,127.72681440978016,7770
32010600,37.88607120701066,127.74568412012898,5992
32010610,37.87739356204827,127.74802547895726,2378
32010620,37.87671628782576,127.7549871155414,3885
32010630,37.87236542630304,127.72940344727861,1932
32010640,37.869133965874155,127.73649157896003,8595
32010650,37.87621093197529,127.74141299876564,3951
32010660,37.85849077525814,127.74754779555089,11207
32010670,37.8557228644966,127.73317256409322,14016
32010680,37.86279436060317,127.71387897988022,10896
32010710,37.90808020361649,127.73180188713403,6363
34011110,36.77309483296133,127.20292342763476,9957
34011310,36.737932072720476,127.11875961564382,7942
34011320,36.6864696684627,127.10492004675575,3632
34011330,36.80067522903016,127.26613041674743,1368
34011340,36.73601354058364,127.23259481599504,7975
34011350,36.728971690549685,127.28200122718722,5908
34011360,36.770841364938384,127.29883757780418,4960
34011370,36.77994639754196,127.36568852759055,2656
34011510,36.802008336491134,127.15033371987977,4913
34011520,36.8110351452218,127.15316996643956,2431
34011530,36.81119501055364,127.16635042145332,4436
34011540,36.80220259905023,127.15912039600585,2812
34011550,36.808432262592255,127.13511847937431,7213
34011560,36.79415845611809,127.13945629065823,4271
34011570,36.78288728750825,127.13125295050949,12471
34011580,36.78524323888835,127.15495387909922,22191
34011590,36.82504193479169,127.1648939802815,21443
34012110,36.91941247952743,127.12931957993304,14496
34012120,36.87478861589657,127.18422280673076,16319
34012130,36.88134624452182,127.14194197389996,22720
34012310,36.91324886517615,127.22436228546373,11768
34012510,36.813932421580276,127.14127005469763,4767
34012520,36.82424061769665,127.1387830693419,11988
34012530,36.80306677556701,127.13031417555514,7895
34012540,36.794333867652135,127.11987733022245,7722
34012550,36.80470052475644,127.12153165929693,2636
34012580,36.82618288057059,127.12125706434766,17366
34012600,36.83630115960298,127.14793824016944,20943
34012610,36.83880063667954,127.12512435391712,30400
34012620,36.803122949222825,127.10857294614617,13012
34012630,36.81551018596835,127.10465923891715,12036
34040110,36.812411280368195,127.00240458720681,5214
34040120,36.77583792253778,127.0755925419297,29526
34040310,36.71272075553409,126.99608495388969,1330
34040330,36.79580152909529,127.07380476969603,29463
34040340,36.845493839732,127.07243423441038,27145
34040350,36.92042345740985,127.04621830803097,26038
34040360,36.88172100322858,126.96464407238449,9430
34040370,36.86121607882958,126.88634767538971,11954
34040380,36.78759809124252,126.87272733997602,4548
34040390,36.751079759842426,126.8913457718832,3363
34040400,36.78488867590761,126.9466385920185,11069
34040510,36.7888436860701,126.99997725314846,9882
34040520,36.777850145687125,127.00450357273867,4245
34040530,36.785594057579424,127.01701882564325,10858
34040540,36.78678492537783,126.98104165560716,7346
34040550,36.77020719114155,127.00033255178028,5830
34040560,36.76612098405365,127.01952817106219,5444
37100110,35.91384517320374,128.81438128473206,12398
37100120,35.88110108209412,128.82251992723602,30426
37100130,35.84252393174156,128.76794252066352,8504
37100310,35.947095733659296,128.82028642042556,5093
37100320,35.82180764395617,128.82325498465894,7098
37100330,35.793312057401,128.8830882097012,844
37100340,35.782163488788726,128.8238871530447,2599
37100360,35.765292479335294,128.73422677278984,3095
37100510,35.82092610022278,128.73979811615504,6466
37100520,35.81404669331786,128.75674575618842,11546
37100530,35.818228739546605,128.72734402606923,7685
37100540,35.8066197634202,128.74008945039148,5058
37100550,35.83938493309198,128.7476301632359,9708
37100560,35.82871251213559,128.73515575163677,4212
37100570,35.8320513720086,128.7242411096857,6944
38070110,35.30588324327934,128.73169480592688,26136
38070320,35.233053729411864,128.83688711758367,23627
38070330,35.252494398974854,128.76059532223147,19233
38070340,35.3102775659845,128.80369643324153,20851
38070350,35.333092041005905,128.8553795380613,8656
38070360,35.3141498108668,128.91500033620702,11312
38070370,35.2513165656061,128.97294100507074,3044
38070510,35.237805990978956,128.88622279550955,2688
38070520,35.229914897245145,128.8772246452366,4256
38070530,35.22819088459216,128.88589401841017,10541
38070540,35.23535708155934,128.8615556869499,21480
38070550,35.26053992670537,128.86866191527352,16469
38070560,35.21580746966846,128.86023409142356,12693
38070580,35.2368049031234,128.89975396782535,15720
38070590,35.245992931315214,128.9109047489625,12989
38070600,35.23104226016127,128.92309837061356,4602
38070610,35.201915409549954,128.8098801851369,15439
38070620,35.19219610263404,128.79860552112817,12988
38070630,35.17246456549286,128.81522335110122,12378
38100120,35.321856944783974,129.00336931274362,33264
38100310,35.31746063412017,129.04079250126466,12172
38100320,35.40530068286795,128.95798758118494,1326
38100330,35.406662245874024,129.05549390428226,12042
38100340,35.480902873022764,129.08441906653033,4414
38100520,35.357116180909905,129.0459099054835,18267
38100530,35.361639792604045,129.02321286397688,20038
38100540,35.409043799120155,129.17325265200367,10495
38100550,35.40725707568038,129.15650500286955,12340
38100560,35.38240330477671,129.1464390070535,6649
38100570,35.374503126366285,129.15589209496778,8244
38100580,35.34367738732172,129.04110929747918,14731
38100590,35.33441660548619,129.03023798072405,7770
