line_name,station_name,latitude,longitude
광주 도시철도 1호선,공항,35.144104,126.811713
광주 도시철도 1호선,광주송정,35.137707,126.79011
광주 도시철도 1호선,금남로4가,35.150706,126.914581
광주 도시철도 1호선,금남로5가,35.153708,126.910071
광주 도시철도 1호선,김대중컨벤션센터,35.143198,126.841324
광주 도시철도 1호선,남광주,35.139442,126.922772
광주 도시철도 1호선,녹동,35.106824,126.93399
광주 도시철도 1호선,농성,35.153215,126.884043
광주 도시철도 1호선,도산,35.131378,126.787266
광주 도시철도 1호선,돌고개,35.151715,126.895565
광주 도시철도 1호선,문화전당,35.146678,126.919814
광주 도시철도 1호선,상무,35.146731,126.848655
광주 도시철도 1호선,소태,35.123609,126.932226
광주 도시철도 1호선,송정공원,35.143571,126.799536
광주 도시철도 1호선,쌍촌,35.15149,126.869571
광주 도시철도 1호선,양동시장,35.154513,126.901769
광주 도시철도 1호선,운천,35.150401,126.858698
광주 도시철도 1호선,평동,35.124809,126.769597
광주 도시철도 1호선,학동·증심사입구,35.13311,126.928166
광주 도시철도 1호선,화정,35.151903,126.876766
대구 도시철도 1호선,각산,35.867882,128.723905
대구 도시철도 1호선,교대,35.850405,128.590548
대구 도시철도 1호선,대곡,35.809426,128.512459
대구 도시철도 1호선,대구,35.876001,128.596055
대구 도시철도 1호선,대구한의대병원,35.871637,128.751033
대구 도시철도 1호선,대명,35.839268,128.565021
대구 도시철도 1호선,동구청,35.884406,128.632217
대구 도시철도 1호선,동대구,35.877432,128.627524
대구 도시철도 1호선,동촌,35.886015,128.650392
대구 도시철도 1호선,명덕,35.856938,128.590006
대구 도시철도 1호선,반야월,35.865956,128.713616
대구 도시철도 1호선,반월당,35.865511,128.59341
대구 도시철도 1호선,방촌,35.879814,128.669662
대구 도시철도 1호선,부호,35.900191,128.803121
대구 도시철도 1호선,상인,35.818954,128.53784
대구 도시철도 1호선,서부정류장,35.836946,128.557103
대구 도시철도 1호선,설화명곡,35.798704,128.489321
대구 도시철도 1호선,송현,35.831277,128.551923
대구 도시철도 1호선,신기,35.866739,128.701643
대구 도시철도 1호선,신천,35.874622,128.617565
대구 도시철도 1호선,아양교,35.88721,128.639904
대구 도시철도 1호선,안심,35.871188,128.733676
대구 도시철도 1호선,안지랑,35.839202,128.573822
대구 도시철도 1호선,영대병원,35.844414,128.588625
대구 도시철도 1호선,용계,35.876283,128.681413
대구 도시철도 1호선,월배,35.816159,128.530419
대구 도시철도 1호선,월촌,35.824027,128.545827
대구 도시철도 1호선,율하,35.869704,128.692818
대구 도시철도 1호선,중앙로,35.870745,128.594037
대구 도시철도 1호선,진천,35.813815,128.522685
대구 도시철도 1호선,칠성시장,35.876097,128.605074
대구 도시철도 1호선,하양,35.909587,128.81844
대구 도시철도 1호선,해안,35.883579,128.658882
대구 도시철도 1호선,현충로,35.840842,128.581297
대구 도시철도 1호선,화원,35.804295,128.500382
대구 도시철도 2호선,감삼,35.854366,128.548265
대구 도시철도 2호선,강창,35.853118,128.478147
대구 도시철도 2호선,경대병원,35.863088,128.60307
대구 도시철도 2호선,계명대,35.851526,128.491979
대구 도시철도 2호선,고산,35.842956,128.693354
대구 도시철도 2호선,내당,35.860131,128.564629
대구 도시철도 2호선,다사,35.86533,128.457917
대구 도시철도 2호선,담티,35.854677,128.654223
대구 도시철도 2호선,대구은행,35.859774,128.614127
대구 도시철도 2호선,대실,35.857286,128.465663
대구 도시철도 2호선,두류,35.857214,128.555682
대구 도시철도 2호선,만촌,35.85889,128.645125
대구 도시철도 2호선,문양,35.864339,128.437125
대구 도시철도 2호선,반고개,35.862452,128.573658
대구 도시철도 2호선,반월당,35.865511,128.59341
대구 도시철도 2호선,범어,35.859053,128.626516
대구 도시철도 2호선,사월,35.836859,128.716075
대구 도시철도 2호선,성서산업단지,35.851718,128.507204
대구 도시철도 2호선,수성구청,35.858851,128.635794
대구 도시철도 2호선,수성알파시티,35.84263,128.680265
대구 도시철도 2호선,신매,35.840845,128.704979
대구 도시철도 2호선,연호,35.846422,128.672063
대구 도시철도 2호선,영남대,35.83659,128.75353
대구 도시철도 2호선,용산,35.84907,128.528881
대구 도시철도 2호선,이곡,35.850611,128.515789
대구 도시철도 2호선,임당,35.834122,128.741033
대구 도시철도 2호선,정평,35.834074,128.728335
대구 도시철도 2호선,죽전,35.850473,128.53821
대구 도시철도 2호선,청라언덕,35.864216,128.582336
대구 도시철도 3호선,건들바위,35.855404,128.599596
대구 도시철도 3호선,공단,35.891982,128.553625
대구 도시철도 3호선,구암,35.925698,128.550314
대구 도시철도 3호선,남산,35.856695,128.583413
대구 도시철도 3호선,달성공원,35.875677,128.582094
대구 도시철도 3호선,대봉교,35.854989,128.606333
대구 도시철도 3호선,동천,35.937683,128.556657
대구 도시철도 3호선,만평,35.889855,128.56104
대구 도시철도 3호선,매천,35.912674,128.543456
대구 도시철도 3호선,매천시장,35.904335,128.545693
대구 도시철도 3호선,명덕,35.856938,128.590006
대구 도시철도 3호선,범물,35.820866,128.640127
대구 도시철도 3호선,북구청,35.883813,128.581437
대구 도시철도 3호선,서문시장,35.869674,128.582243
대구 도시철도 3호선,수성구민운동장,35.852363,128.625173
대구 도시철도 3호선,수성못,35.831332,128.623195
대구 도시철도 3호선,수성시장,35.854344,128.615922
대구 도시철도 3호선,어린이세상,35.845128,128.624416
대구 도시철도 3호선,용지,35.818232,128.646413
대구 도시철도 3호선,원대,35.887853,128.574333
대구 도시철도 3호선,지산,35.825187,128.631903
대구 도시철도 3호선,청라언덕,35.864216,128.582336
대구 도시철도 3호선,칠곡경대병원,35.958384,128.559879
대구 도시철도 3호선,칠곡운암,35.931419,128.554492
대구 도시철도 3호선,태전,35.919672,128.547392
대구 도시철도 3호선,팔거,35.944033,128.558336
대구 도시철도 3호선,팔달,35.897872,128.546697
대구 도시철도 3호선,팔달시장,35.888855,128.567864
대구 도시철도 3호선,학정,35.951542,128.559176
대구 도시철도 3호선,황금,35.839094,128.623898
대전 도시철도 1호선,갈마,36.357661,127.372793
대전 도시철도 1호선,갑천,36.354546,127.354556
대전 도시철도 1호선,구암,36.35663,127.330727
대전 도시철도 1호선,노은,36.374112,127.317907
대전 도시철도 1호선,대동,36.329409,127.442908
대전 도시철도 1호선,대전역,36.331352,127.433365
대전 도시철도 1호선,반석,36.391941,127.314817
대전 도시철도 1호선,서대전네거리,36.322385,127.412514
대전 도시철도 1호선,시청,36.351444,127.386593
대전 도시철도 1호선,신흥,36.319584,127.448965
대전 도시철도 1호선,오룡,36.328396,127.405062
대전 도시철도 1호선,용문,36.338204,127.393258
대전 도시철도 1호선,월드컵경기장,36.366828,127.317902
대전 도시철도 1호선,월평,36.358339,127.364458
대전 도시철도 1호선,유성온천,36.353704,127.341649
대전 도시철도 1호선,정부청사,36.357606,127.381616
대전 도시철도 1호선,중구청,36.324779,127.419578
대전 도시철도 1호선,중앙로,36.328589,127.425918
대전 도시철도 1호선,지족,36.384111,127.319538
대전 도시철도 1호선,탄방,36.345948,127.384673
대전 도시철도 1호선,판암,36.316995,127.458707
대전 도시철도 1호선,현충원,36.35941,127.321488
부산 도시철도 1호선,괴정,35.099931,128.992862
부산 도시철도 1호선,교대,35.195218,129.080032
부산 도시철도 1호선,구서,35.247227,129.091268
부산 도시철도 1호선,남산,35.265426,129.092566
부산 도시철도 1호선,남포,35.097924,129.034947
부산 도시철도 1호선,낫개,35.065298,128.979733
부산 도시철도 1호선,노포,35.283972,129.095115
부산 도시철도 1호선,다대포항,35.057758,128.971328
부산 도시철도 1호선,다대포해수욕장,35.048195,128.966019
부산 도시철도 1호선,당리,35.103475,128.973826
부산 도시철도 1호선,대티,35.103154,128.999941
부산 도시철도 1호선,동대신,35.110345,129.017761
부산 도시철도 1호선,동래,35.205676,129.078485
부산 도시철도 1호선,동매,35.08977,128.973268
부산 도시철도 1호선,두실,35.25703,129.091393
부산 도시철도 1호선,명륜,35.212646,129.079721
부산 도시철도 1호선,범내골,35.147401,129.059202
부산 도시철도 1호선,범어사,35.273102,129.092668
부산 도시철도 1호선,범일,35.140947,129.059365
부산 도시철도 1호선,부산대,35.229638,129.089361
부산 도시철도 1호선,부산역,35.115726,129.039903
부산 도시철도 1호선,부산진,35.129028,129.049221
부산 도시철도 1호선,부전,35.1626,129.062941
부산 도시철도 1호선,사하,35.09984,128.983094
부산 도시철도 1호선,서대신,35.110861,129.012041
부산 도시철도 1호선,서면,35.157774,129.059259
부산 도시철도 1호선,시청,35.179751,129.076521
부산 도시철도 1호선,신장림,35.07455,128.976809
부산 도시철도 1호선,신평,35.095215,128.960681
부산 도시철도 1호선,양정,35.173158,129.0713
부산 도시철도 1호선,연산,35.186155,129.081509
부산 도시철도 1호선,온천장,35.220244,129.086427
부산 도시철도 1호선,자갈치,35.097346,129.026768
부산 도시철도 1호선,장림,35.081865,128.977383
부산 도시철도 1호선,장전,35.238212,129.088098
부산 도시철도 1호선,좌천,35.134336,129.05435
부산 도시철도 1호선,중앙,35.103843,129.036327
부산 도시철도 1호선,초량,35.121202,129.04297
부산 도시철도 1호선,토성,35.100764,129.019844
부산 도시철도 1호선,하단,35.106235,128.966761
부산 도시철도 2호선,가야,35.155829,129.04279
부산 도시철도 2호선,감전,35.155688,128.990871
부산 도시철도 2호선,개금,35.153254,129.02046
부산 도시철도 2호선,경성대·부경대,35.137539,129.100524
부산 도시철도 2호선,광안,35.157914,129.113118
부산 도시철도 2호선,구남,35.196824,128.994948
부산 도시철도 2호선,구명,35.202796,128.999518
부산 도시철도 2호선,국제금융센터·부산은행,35.145719,129.066693
부산 도시철도 2호선,금곡,35.267383,129.016889
부산 도시철도 2호선,금련산,35.149743,129.110985
부산 도시철도 2호선,남양산,35.325404,129.019364
부산 도시철도 2호선,남천,35.142121,129.107857
부산 도시철도 2호선,냉정,35.151267,129.012417
부산 도시철도 2호선,대연,35.135132,129.092166
부산 도시철도 2호선,덕천,35.210037,129.005332
부산 도시철도 2호선,덕포,35.173867,128.983974
부산 도시철도 2호선,동백,35.161249,129.148093
부산 도시철도 2호선,동원,35.258615,129.012433
부산 도시철도 2호선,동의대,35.153965,129.032142
부산 도시철도 2호선,모덕,35.180369,128.985563
부산 도시철도 2호선,모라,35.189303,128.988423
부산 도시철도 2호선,못골,35.13474,129.084777
부산 도시철도 2호선,문현,35.139136,129.067309
부산 도시철도 2호선,민락,35.167395,129.121719
부산 도시철도 2호선,벡스코,35.168889,129.138751
부산 도시철도 2호선,부산대양산캠퍼스,35.316921,129.01394
부산 도시철도 2호선,부암,35.157421,129.050502
부산 도시철도 2호선,사상,35.162279,128.985939
부산 도시철도 2호선,서면,35.157774,129.059259
부산 도시철도 2호선,센텀시티,35.168592,129.131217
부산 도시철도 2호선,수영,35.165414,129.114705
부산 도시철도 2호선,수정,35.223299,129.00919
부산 도시철도 2호선,양산,35.338743,129.026402
부산 도시철도 2호선,율리,35.246472,129.012864
부산 도시철도 2호선,장산,35.169475,129.175858
부산 도시철도 2호선,전포,35.152817,129.065343
부산 도시철도 2호선,주례,35.150485,129.00314
부산 도시철도 2호선,중동,35.166676,129.167807
부산 도시철도 2호선,증산,35.308322,129.010233
부산 도시철도 2호선,지게골,35.13565,129.074217
부산 도시철도 2호선,해운대,35.163753,129.158747
부산 도시철도 2호선,호포,35.281122,129.017439
부산 도시철도 2호선,화명,35.235253,129.013779
부산 도시철도 3호선,강서구청,35.211226,128.981953
부산 도시철도 3호선,거제,35.188868,129.07399
부산 도시철도 3호선,구포,35.206694,128.996352
부산 도시철도 3호선,남산정,35.213346,129.023963
부산 도시철도 3호선,대저,35.213336,128.961087
부산 도시철도 3호선,덕천,35.210037,129.005332
부산 도시철도 3호선,만덕,35.213008,129.036489
부산 도시철도 3호선,망미,35.171753,129.107523
부산 도시철도 3호선,물만골,35.17664,129.085839
부산 도시철도 3호선,미남,35.206533,129.068747
부산 도시철도 3호선,배산,35.173473,129.095751
부산 도시철도 3호선,사직,35.199057,129.0651
부산 도시철도 3호선,수영,35.165414,129.114705
부산 도시철도 3호선,숙등,35.211998,129.012753
부산 도시철도 3호선,연산,35.186155,129.081509
부산 도시철도 3호선,종합운동장,35.190888,129.067571
부산 도시철도 3호선,체육공원,35.212486,128.969379
부산 도시철도 4호선,고촌,35.236093,129.1605
부산 도시철도 4호선,금사,35.215756,129.115314
부산 도시철도 4호선,낙민,35.200147,129.09082
부산 도시철도 4호선,동래,35.204651,129.07736
부산 도시철도 4호선,명장,35.20537,129.101767
부산 도시철도 4호선,미남,35.206533,129.068747
부산 도시철도 4호선,반여농산물시장,35.217752,129.123964
부산 도시철도 4호선,서동,35.213053,129.10751
부산 도시철도 4호선,석대,35.218119,129.136848
부산 도시철도 4호선,수안,35.201804,129.083916
부산 도시철도 4호선,안평,35.237417,129.171725
부산 도시철도 4호선,영산대,35.225622,129.146116
부산 도시철도 4호선,윗반송,35.23247,129.153873
부산 도시철도 4호선,충렬사,35.199716,129.097652
부산김해경전철,가야대,35.26683,128.864949
부산김해경전철,공항,35.171868,128.948598
부산김해경전철,괘법르네시떼,35.163282,128.977588
부산김해경전철,김해대학,35.228997,128.915547
부산김해경전철,김해시청,35.227082,128.890375
부산김해경전철,대사,35.217775,128.938385
부산김해경전철,대저,35.213336,128.961087
부산김해경전철,덕두,35.181953,128.95406
부산김해경전철,등구,35.196159,128.9635
부산김해경전철,박물관,35.240004,128.871819
부산김해경전철,봉황,35.227204,128.87428
부산김해경전철,부원,35.226464,128.883883
부산김해경전철,불암,35.222175,128.927848
부산김해경전철,사상,35.162279,128.985939
부산김해경전철,서부산유통지구,35.166391,128.954937
부산김해경전철,수로왕릉,35.232843,128.872099
부산김해경전철,연지공원,35.24967,128.869214
부산김해경전철,인제대,35.228074,128.901774
부산김해경전철,장신대,35.259389,128.867249
부산김해경전철,지내,35.227514,128.923787
부산김해경전철,평강,35.214022,128.950638
