line_name,station_name,daily_boarding,daily_alighting,sample_days,station_key,daily_total,latitude,longitude
1호선,서울역,81768,80024,28,서울역,161792,37.556228,126.972135
2호선,잠실(송파구청),76586,75482,28,잠실,152068,37.513262,127.100159
2호선,홍대입구,72360,77540,28,홍대입구,149900,37.55679,126.923708
2호선,강남,75283,73749,28,강남,149032,37.49799,127.027912
2호선,성수,55982,60536,28,성수,116518,37.544581,127.055961
2호선,신림,54177,52794,28,신림,106971,37.484201,126.929715
2호선,구로디지털단지,52667,51902,28,구로디지털단지,104569,37.485266,126.901401
경부선,용산,51296,53048,28,용산,104344,37.529849,126.964561
2호선,을지로입구,51476,52538,28,을지로입구,104014,37.566014,126.982618
3호선,고속터미널,51741,50695,28,고속터미널,102436,37.504891,127.004916
2호선,삼성(무역센터),48549,48118,28,삼성,96667,37.508844,127.06316
2호선,선릉,50683,44649,28,선릉,95332,37.504286,127.048203
2호선,신도림,46898,44769,28,신도림,91667,37.508961,126.891084
2호선,역삼,42658,48048,28,역삼,90706,37.500622,127.036456
2호선,서울대입구(관악구청),46024,43584,28,서울대입구,89608,37.481247,126.952739
경부선,수원,42364,44674,28,수원,87038,37.266348,126.999561
2호선,사당,41100,45053,28,사당,86153,37.476538,126.981544
경부선,영등포,42614,42756,28,영등포,85370,37.515504,126.907628
4호선,명동,40584,42657,28,명동,83241,37.560989,126.986325
2호선,신촌,39672,39882,28,신촌,79554,37.555131,126.936926
2호선,건대입구,38183,39552,28,건대입구,77735,37.540373,127.069191
4호선,혜화,37791,38174,28,혜화,75965,37.582336,127.001844
1호선,종각,38287,37314,28,종각,75601,37.570161,126.982923
7호선,가산디지털단지,37572,37491,28,가산디지털단지,75063,37.481581,126.882581
3호선,연신내,37166,35141,28,연신내,72307,37.619229,126.921038
3호선,양재(서초구청),33951,35588,28,양재,69539,37.484477,127.033902
4호선,수유(강북구청),33935,33741,28,수유,67676,37.638052,127.025732
5호선,광화문(세종문화회관),32540,34089,28,광화문,66629,37.571525,126.97717
2호선,합정,31143,34014,28,합정,65157,37.549457,126.913808
경인선,부천,32198,32246,28,부천,64444,37.48405,126.782686
4호선,충무로,31507,32350,28,충무로,63857,37.56143,126.994072
9호선,신논현,30836,31426,28,신논현,62262,37.504598,127.02506
경인선,부평,29684,31096,28,부평,60780,37.489445,126.724506
3호선,압구정,29303,31457,28,압구정,60760,37.527072,127.028461
2호선,교대(법원.검찰청),27457,33073,28,교대,60530,37.493961,127.014667
3호선,남부터미널(예술의전당),29500,29792,28,남부터미널,59292,37.485013,127.016189
4호선,회현(남대문시장),28320,30258,28,회현,58578,37.558514,126.978246
3호선,안국,27909,29147,28,안국,57056,37.576477,126.985443
9호선,여의도,28636,27673,28,여의도,56309,37.521747,126.924357
3호선,경복궁(정부서울청사),27930,28185,28,경복궁,56115,37.575762,126.97353
2호선,구의(광진구청),28228,27549,28,구의,55777,37.537077,127.085916
9호선,노량진,28081,27691,28,노량진,55772,37.514149,126.94271
경부선,금정,27605,28061,28,금정,55666,37.372209,126.943417
5호선,여의도,26507,29029,28,여의도,55536,37.521747,126.924357
과천선,범계,27578,27624,28,범계,55202,37.389793,126.950806
중앙선,회기,28570,26618,28,회기,55188,37.58946,127.057583
1호선,시청,27257,27507,28,시청,54764,37.565715,126.977088
4호선,쌍문,28355,26096,28,쌍문,54451,37.648627,127.034709
2호선,낙성대(강감찬),27646,26688,28,낙성대,54334,37.47693,126.963693
5호선,화곡,27586,25582,28,화곡,53168,37.541513,126.840461
2호선,강변(동서울터미널),27194,25507,28,강변,52701,37.535095,127.094681
5호선,까치산,26676,25445,28,까치산,52121,37.531768,126.846683
과천선,인덕원,25187,25614,28,인덕원,50801,37.401553,126.976715
2호선,을지로3가,25160,25529,28,을지로3가,50689,37.566306,126.991696
2호선,시청,26154,24273,28,시청,50427,37.565715,126.977088
4호선,미아사거리,25433,24940,28,미아사거리,50373,37.613292,127.030053
경인선,역곡,25237,25090,28,역곡,50327,37.485178,126.811502
3호선,신사,24465,25755,28,신사,50220,37.516334,127.020114
분당선,야탑,24017,25272,28,야탑,49289,37.411185,127.128715
1호선,청량리(서울시립대입구),24567,24675,28,청량리,49242,37.579956,127.044585
1호선,종로3가,25866,23040,28,종로3가,48906,37.570406,126.991847
4호선,사당,25873,22713,28,사당,48586,37.476538,126.981544
2호선,뚝섬,23629,24746,28,뚝섬,48375,37.547184,127.047367
4호선,창동,23638,24733,28,창동,48371,37.653088,127.047274
2호선,대림(구로구청),23745,24339,28,대림,48084,37.493243,126.894932
경인선,송내,24132,23840,28,송내,47972,37.4876,126.753664
4호선,신용산,22620,25094,28,신용산,47714,37.52917,126.967894
경부선,안양,24014,23658,28,안양,47672,37.401592,126.922874
2호선,신대방,24298,22904,28,신대방,47202,37.487462,126.913149
4호선,성신여대입구(돈암),23949,22817,28,성신여대입구,46766,37.592612,127.016441
1호선,종로5가,23258,22903,28,종로5가,46161,37.570926,127.001849
2호선,잠실새내,23135,22686,28,잠실새내,45821,37.511687,127.086162
5호선,발산,22247,23104,28,발산,45351,37.558598,126.837668
2호선,봉천,23423,21848,28,봉천,45271,37.482362,126.941892
분당선,서현,22310,22731,28,서현,45041,37.385126,127.123592
4호선,노원,21108,23514,28,노원,44622,37.65627,127.063276
7호선,광명사거리,22347,22146,28,광명사거리,44493,37.479252,126.854876
경인선,개봉,22474,21981,28,개봉,44455,37.494594,126.85968
9호선2~3단계,봉은사,21449,22778,28,봉은사,44227,37.514219,127.060245
7호선,철산,21599,21996,28,철산,43595,37.47605,126.867911
2호선,영등포구청,21431,22049,28,영등포구청,43480,37.525706,126.89661
2호선,문래,21190,22113,28,문래,43303,37.517933,126.89476
3호선,구파발,21855,21239,28,구파발,43094,37.636763,126.918821
4호선,길음,21273,21026,28,길음,42299,37.603407,127.025053
5호선,오목교(목동운동장앞),20396,21706,28,오목교,42102,37.524496,126.875181
8호선,잠실(송파구청),19499,22585,28,잠실,42084,37.513262,127.100159
2호선,서초,21160,20638,28,서초,41798,37.491897,127.007917
8호선,문정,20238,21154,28,문정,41392,37.485855,127.1225
9호선,가양,20988,20278,28,가양,41266,37.561391,126.854456
4호선,동대문역사문화공원(DDP),21758,19052,28,동대문역사문화공원,40810,37.565613,127.009054
7호선,학동,20072,20650,28,학동,40722,37.514229,127.031656
분당선,모란,20000,20658,28,모란,40658,37.432052,127.129104
7호선,노원,19641,20891,28,노원,40532,37.65627,127.063276
5호선,천호(풍납토성),20445,19838,28,천호,40283,37.53864,127.123308
9호선,고속터미널,16838,23344,28,고속터미널,40182,37.504891,127.004916
4호선,총신대입구(이수),19135,20444,28,총신대입구,39579,37.486263,126.981989
경원선,의정부,19487,19810,28,의정부,39297,37.738415,127.045958
2호선,당산,18441,20723,28,당산,39164,37.534946,126.902767
분당선,압구정로데오,18192,19715,28,압구정로데오,37907,37.527381,127.040534
3호선,수서,19068,18822,28,수서,37890,37.487378,127.101907
분당선,수서,18241,19547,28,수서,37788,37.487378,127.101907
4호선,동대문,18850,18929,28,동대문,37779,37.571687,127.01093
5호선,여의나루,17372,20309,28,여의나루,37681,37.527098,126.932901
5호선,장한평,19040,18560,28,장한평,37600,37.56144,127.064623
일산선,삼송,19104,18466,28,삼송,37570,37.653083,126.895558
8호선,천호(풍납토성),17619,19890,28,천호,37509,37.53864,127.123308
9호선,당산,19041,18362,28,당산,37403,37.534946,126.902767
안산선,중앙,18345,18992,28,중앙,37337,37.315941,126.838573
경원선,청량리(서울시립대입구),18200,18854,28,청량리,37054,37.579956,127.044585
4호선,상계,18947,17651,28,상계,36598,37.660878,127.073572
2호선,이대,17599,18848,28,이대,36447,37.556733,126.946013
6호선,공덕,18369,17817,28,공덕,36186,37.542596,126.952099
7호선,청담,17116,18563,28,청담,35679,37.519365,127.05335
5호선,미사,17682,17773,28,미사,35455,37.560927,127.193877
3호선,홍제,18317,17122,28,홍제,35439,37.589066,126.943736
7호선,상봉,17927,17414,28,상봉,35341,37.596678,127.08504
5호선,강동,17948,17317,28,강동,35265,37.535804,127.132481
4호선,서울역,12788,22464,28,서울역,35252,37.556228,126.972135
분당선,정자,17334,17893,28,정자,35227,37.365994,127.10807
7호선,논현,17212,17879,28,논현,35091,37.511093,127.021415
7호선,어린이대공원(세종대),17474,17584,28,어린이대공원,35058,37.548014,127.074658
경원선,왕십리(성동구청),17553,17481,28,왕십리,35034,37.561238,127.036954
6호선,응암,17426,17333,28,응암,34759,37.598605,126.915577
경인선,주안,18233,16503,28,주안,34736,37.465047,126.679742
6호선,망원,16496,18020,28,망원,34516,37.556094,126.910052
5호선,서대문,17187,17262,28,서대문,34449,37.565773,126.966641
2호선,동대문역사문화공원(DDP),15885,18454,28,동대문역사문화공원,34339,37.565613,127.009054
2호선,종합운동장,16145,18155,28,종합운동장,34300,37.511022,127.073704
9호선,염창,17480,16614,28,염창,34094,37.546936,126.874916
일산선,화정,16806,17240,28,화정,34046,37.634592,126.83265
2호선,방배,16784,17222,28,방배,34006,37.481426,126.997596
1호선,제기동,16702,17236,28,제기동,33938,37.578103,127.034893
안산선,산본,16147,17111,28,산본,33258,37.358101,126.933274
3호선,불광,16123,17113,28,불광,33236,37.610553,126.92982
5호선,종로3가,16201,16970,28,종로3가,33171,37.570406,126.991847
7호선,고속터미널,17626,15476,28,고속터미널,33102,37.504891,127.004916
경부선,구로,16491,16576,28,구로,33067,37.503039,126.881966
경부선,병점,16511,16515,28,병점,33026,37.207503,127.032731
7호선,하계,16917,15857,28,하계,32774,37.636352,127.06799
과천선,평촌,16682,15982,28,평촌,32664,37.394287,126.963883
5호선,목동,15619,16885,28,목동,32504,37.526065,126.864931
7호선,이수,16327,15988,28,이수,32315,37.485196,126.981605
공항철도 1호선,홍대입구,16350,15787,28,홍대입구,32137,37.55679,126.923708
분당선,한티,15604,16193,28,한티,31797,37.496237,127.052873
7호선,강남구청,14929,16783,28,강남구청,31712,37.517469,127.041151
경부선,가산디지털단지,14726,16894,28,가산디지털단지,31620,37.481581,126.882581
8호선,장지,16361,15172,28,장지,31533,37.478703,127.126191
4호선,숙대입구(서울시교육청),15798,15691,28,숙대입구,31489,37.54456,126.972106
경부선,성균관대,15844,15488,28,성균관대,31332,37.300349,126.97075
9호선,국회의사당,15650,15626,28,국회의사당,31276,37.528105,126.917874
4호선,미아(서울사이버대학),15962,15308,28,미아,31270,37.62667,127.025983
5호선,마곡,15563,15694,28,마곡,31257,37.560183,126.825448
7호선,사가정,15549,15693,28,사가정,31242,37.580894,127.088478
2호선,왕십리(성동구청),16399,14488,28,왕십리,30887,37.561238,127.036954
경부선,독산,15292,15135,28,독산,30427,37.466613,126.889249
2호선,신당,14900,15520,28,신당,30420,37.56564,127.019614
4호선,한성대입구(삼선교),15351,14820,28,한성대입구,30171,37.588458,127.006221
안산선,상록수,15044,15101,28,상록수,30145,37.302795,126.866489
경인선,동암,14895,14954,28,동암,29849,37.471408,126.702896
8호선,암사,15501,14288,28,암사,29789,37.55021,127.127562
9호선,마곡나루(서울식물원),15040,14597,28,마곡나루,29637,37.566778,126.82731
2호선,잠실나루,14986,14618,28,잠실나루,29604,37.520733,127.10379
2호선,을지로4가,14965,14587,28,을지로4가,29552,37.566595,126.997817
7호선,건대입구,14661,14761,28,건대입구,29422,37.540373,127.069191
5호선,마포,14538,14832,28,마포,29370,37.539574,126.945932
경부선,평택,14665,14676,28,평택,29341,36.990726,127.085159
5호선,답십리,15503,13800,28,답십리,29303,37.566747,127.052704
공항철도 1호선,인천공항1터미널,14786,14453,28,인천공항1터미널,29239,37.447464,126.452508
5호선,우장산,14652,14581,28,우장산,29233,37.548768,126.836318
5호선,아차산(어린이대공원후문),14740,14420,28,아차산,29160,37.551691,127.089761
공항철도 1호선,서울역,15326,13707,28,서울역,29033,37.556228,126.972135
7호선,남구로,14151,14826,28,남구로,28977,37.486056,126.887249
분당선,미금,14259,14634,28,미금,28893,37.350077,127.10891
7호선,면목,14614,14141,28,면목,28755,37.588579,127.087503
분당선,수원시청,13890,14827,28,수원시청,28717,37.261911,127.030736
7호선,숭실대입구(살피재),14365,14326,28,숭실대입구,28691,37.496029,126.953822
7호선,신대방삼거리,14638,13981,28,신대방삼거리,28619,37.499701,126.928276
공항철도 1호선,마곡나루(서울식물원),14407,14038,28,마곡나루,28445,37.566778,126.82731
1호선,신설동,14539,13829,28,신설동,28368,37.576048,127.024634
6호선,안암(고대병원앞),14260,14107,28,안암,28367,37.586272,127.029005
7호선,내방,14081,14038,28,내방,28119,37.487618,126.993513
분당선,죽전,13348,14735,28,죽전,28083,37.324753,127.107395
분당선,망포,14342,13709,28,망포,28051,37.245795,127.057353
6호선,디지털미디어시티,13510,14540,28,디지털미디어시티,28050,37.577475,126.900453
2호선,상왕십리,14057,13758,28,상왕십리,27815,37.564354,127.029354
5호선,공덕,13676,13965,28,공덕,27641,37.542596,126.952099
1호선,동대문,13951,13688,28,동대문,27639,37.571687,127.01093
분당선,선릉,11033,16313,28,선릉,27346,37.504286,127.048203
2호선,한양대,13070,14253,28,한양대,27323,37.555273,127.043655
3호선,녹번,14045,13196,28,녹번,27241,37.600927,126.935756
7호선,군자(능동),15263,11905,28,군자,27168,37.557088,127.079577
7호선,중계,14095,13016,28,중계,27111,37.644583,127.064303
6호선,마포구청,14192,12797,28,마포구청,26989,37.563515,126.903343
5호선,상일동,13725,13126,28,상일동,26851,37.556712,127.166417
6호선,합정,13518,13294,28,합정,26812,37.549457,126.913808
경원선,외대앞,13420,12905,28,외대앞,26325,37.596073,127.063549
5호선,둔촌동,13100,12975,28,둔촌동,26075,37.527788,127.136248
경원선,회룡,13167,12905,28,회룡,26072,37.724416,127.04736
7호선,자양(뚝섬한강공원),13086,12791,28,자양,25877,,
6호선,이태원,11979,13772,28,이태원,25751,37.534488,126.994302
공항철도 1호선,디지털미디어시티,13248,12335,28,디지털미디어시티,25583,37.577475,126.900453
과천선,정부과천청사,12438,12962,28,정부과천청사,25400,37.426513,126.98978
5호선,군자(능동),11984,13364,28,군자,25348,37.557088,127.079577
경인선,동인천,13080,12125,28,동인천,25205,37.475276,126.632802
3호선,을지로3가,12897,12292,28,을지로3가,25189,37.566306,126.991696
7호선,마들,12893,12134,28,마들,25027,37.66494,127.057675
분당선,서울숲,12313,12599,28,서울숲,24912,37.543617,127.044707
3호선,종로3가,11472,13416,28,종로3가,24888,37.570406,126.991847
3호선,대치,12657,12192,28,대치,24849,37.494612,127.063642
7호선,수락산,12411,12329,28,수락산,24740,37.67785,127.055315
분당선,태평,12685,12052,28,태평,24737,37.440019,127.127709
분당선,가천대,12265,12269,28,가천대,24534,37.448605,127.126697
7호선,공릉(서울과학기술대),12462,12070,28,공릉,24532,37.625742,127.072896
3호선,동대입구,11546,12887,28,동대입구,24433,37.559052,127.005602
3호선,약수,12357,12030,28,약수,24387,37.554867,127.010541
3호선,교대(법원.검찰청),15644,8650,28,교대,24294,37.493961,127.014667
4호선,이촌(국립중앙박물관),11611,12591,28,이촌,24202,37.522295,126.974733
7호선,상도,12283,11878,28,상도,24161,37.502834,126.94791
6호선,새절(신사),12443,11546,28,새절,23989,37.591148,126.913629
안산선,안산,12225,11566,28,안산,23791,37.327082,126.788532
5호선,신정(은행정),12939,10772,28,신정,23711,37.524997,126.856191
9호선,등촌,12079,11586,28,등촌,23665,37.550632,126.865689
8호선,남한산성입구(성남법원.검찰청),12306,11104,28,남한산성입구,23410,37.451535,127.159816
경부선,오산,11678,11528,28,오산,23206,37.145885,127.06672
6호선,돌곶이,11984,11160,28,돌곶이,23144,37.610537,127.056431
일산선,대곡,12169,10946,28,대곡,23115,37.631626,126.811024
6호선,월곡(동덕여대),11858,11221,28,월곡,23079,37.601948,127.041518
9호선2~3단계,중앙보훈병원,12230,10664,28,중앙보훈병원,22894,37.529191,127.148739
3호선,매봉,11668,11188,28,매봉,22856,37.486947,127.046769
6호선,상수,10824,12003,28,상수,22827,37.547716,126.922852
6호선,한강진,10198,12541,28,한강진,22739,37.539631,127.001725
1호선,동묘앞,11137,11584,28,동묘앞,22721,37.573197,127.01648
8호선,단대오거리,11592,11012,28,단대오거리,22604,37.44521,127.156866
7호선,천왕,11390,11100,28,천왕,22490,37.486637,126.838713
일산선,원당,11457,10981,28,원당,22438,37.653324,126.843041
7호선,신풍,11510,10876,28,신풍,22386,37.50008,126.90993
분당선,수내,11279,11086,28,수내,22365,37.378455,127.114322
공항철도 1호선,인천공항2터미널,12173,10135,28,인천공항2터미널,22308,37.460699,126.441442
5호선,김포공항,13836,8432,28,김포공항,22268,37.5617,126.8041
경부선,화서,11233,10985,28,화서,22218,37.283862,126.989627
6호선,화랑대(서울여대입구),12005,10089,28,화랑대,22094,37.620064,127.084689
경부선,노량진,10958,11123,28,노량진,22081,37.514149,126.94271
공항철도 1호선,운서,10671,11343,28,운서,22014,37.492904,126.49379
경인선,오류동,11366,10431,28,오류동,21797,37.494526,126.845365
5호선,영등포시장,11079,10585,28,영등포시장,21664,37.522669,126.905139
9호선2~3단계,언주,10759,10879,28,언주,21638,37.507287,127.033868
5호선,광나루(장신대),11008,10566,28,광나루,21574,37.545303,127.10357
경인선,제물포,10951,10497,28,제물포,21448,37.466769,126.656666
7호선,중화,10717,10724,28,중화,21441,37.602545,127.079264
일산선,원흥,10854,10337,28,원흥,21191,37.650658,126.872642
7호선,남성,10820,10358,28,남성,21178,37.484596,126.971251
경부선,대방,10060,11009,28,대방,21069,37.513342,126.926382
2호선,아현,10815,10190,28,아현,21005,37.557345,126.956141
3호선,일원,10575,10376,28,일원,20951,37.483681,127.08439
9호선,양천향교,10358,10558,28,양천향교,20916,37.568381,126.841333
안산선,정왕,10479,10432,28,정왕,20911,37.351735,126.742989
6호선,동묘앞,10243,10461,28,동묘앞,20704,37.573197,127.01648
7호선,중곡,10619,9981,28,중곡,20600,37.565923,127.08432
경부선,금천구청,10232,10360,28,금천구청,20592,37.455626,126.89398
9호선2~3단계,올림픽공원(한국체대),10156,10334,28,올림픽공원,20490,37.516201,127.130923
일산선,대화,11015,9399,28,대화,20414,37.676087,126.747569
6호선,대흥(서강대앞),9982,10414,28,대흥,20396,37.547771,126.942069
8호선,강동구청,10095,10269,28,강동구청,20364,37.530341,127.120508
경의선,일산,10217,10023,28,일산,20240,37.682077,126.769846
안산선,한대앞,10078,10050,28,한대앞,20128,37.309689,126.85344
6호선,석계,9888,10192,28,석계,20080,37.614532,127.065934
분당선,기흥,10387,9574,28,기흥,19961,37.275061,127.11591
7호선,먹골,10070,9891,28,먹골,19961,37.610637,127.077725
일산선,백석,9875,10060,28,백석,19935,37.643114,126.78787
3호선,대청,10323,9572,28,대청,19895,37.493514,127.079532
9호선,흑석(중앙대입구),9956,9905,28,흑석,19861,37.50877,126.963708
2호선,충정로(경기대입구),9531,10272,28,충정로,19803,37.559704,126.964378
경원선,방학,9924,9624,28,방학,19548,37.667503,127.044273
9호선2~3단계,선정릉,9433,10063,28,선정릉,19496,37.510735,127.043677
분당선,오리,10393,9074,28,오리,19467,37.339824,127.108942
5호선,고덕,9838,9605,28,고덕,19443,37.555004,127.154151
경부선,남영,9477,9946,28,남영,19423,37.541021,126.9713
경원선,석계,9414,9999,28,석계,19413,37.614532,127.065934
신림선,서울대벤처타운,10147,9091,28,서울대벤처타운,19238,37.4720019,126.9339351
7호선,대림(구로구청),9591,9614,28,대림,19205,37.493243,126.894932
7호선,도봉산,8770,10374,28,도봉산,19144,37.689534,127.046049
5호선,거여,9597,9457,28,거여,19054,37.493105,127.14415
7호선,장승배기,9553,9298,28,장승배기,18851,37.504898,126.93915
경부선,두정,9113,9712,28,두정,18825,36.833705,127.14896
분당선,강남구청,8644,10004,28,강남구청,18648,37.517469,127.041151
8호선,송파,9412,9209,28,송파,18621,37.499703,127.112183
5호선,굽은다리(강동구민회관앞),9554,9059,28,굽은다리,18613,37.545477,127.142853
경부선,서정리,9580,8939,28,서정리,18519,37.056496,127.052819
2호선,신정네거리,9159,9336,28,신정네거리,18495,37.520074,126.852912
9호선2~3단계,석촌,9689,8799,28,석촌,18488,37.505557,127.106832
3호선,옥수,9150,9214,28,옥수,18364,37.541684,127.017269
경원선,망월사,9152,9206,28,망월사,18358,37.709914,127.047455
7호선,온수(성공회대입구),9536,8812,28,온수,18348,37.492433,126.824086
공항철도 1호선,계양,9199,9131,28,계양,18330,37.571449,126.73578
8호선,석촌,8502,9717,28,석촌,18219,37.505557,127.106832
6호선,광흥창(서강),9390,8737,28,광흥창,18127,37.547456,126.931993
5호선,길동,8920,9083,28,길동,18003,37.537801,127.140004
분당선,영통,8962,8978,28,영통,17940,37.251568,127.071394
6호선,고려대(종암),9189,8741,28,고려대,17930,37.590508,127.036296
4호선,불암산,9562,8321,28,불암산,17883,37.670272,127.079066
8호선,가락시장,8426,9347,28,가락시장,17773,37.492245,127.117757
중앙선,도농,9207,8520,28,도농,17727,37.608806,127.161153
경원선,광운대,9064,8658,28,광운대,17722,37.623632,127.061835
3호선,가락시장,8930,8749,28,가락시장,17679,37.492245,127.117757
6호선,증산(명지대앞),8874,8775,28,증산,17649,37.583876,126.909645
경부선,의왕,8863,8612,28,의왕,17475,37.320852,126.948217
일산선,주엽,8727,8521,28,주엽,17248,37.670072,126.761334
7호선,태릉입구,8830,8355,28,태릉입구,17185,37.617338,127.074735
경인선,중동,8886,8264,28,중동,17150,37.486562,126.764843
8호선,몽촌토성(평화의문),8471,8585,28,몽촌토성,17056,37.517409,127.112359
안산선,고잔,8709,8343,28,고잔,17052,37.316784,126.823144
5호선,하남시청(덕풍·신장),8706,8183,28,하남시청,16889,37.54205,127.20612
8호선,복정,9116,7752,28,복정,16868,37.470047,127.12666
6호선,신당,8308,8472,28,신당,16780,37.56564,127.019614
9호선,김포공항,5782,10843,28,김포공항,16625,37.5617,126.8041
9호선,선유도,8566,7979,28,선유도,16545,37.53802,126.893525
경원선,신이문,8661,7859,28,신이문,16520,37.601854,127.067325
3호선,독립문,8082,8402,28,독립문,16484,37.574571,126.957748
경강선,경기광주,8444,7961,28,경기광주,16405,37.399907,127.25263
분당선,수원,8169,8014,28,수원,16183,37.266348,126.999561
경부선,신길,8676,7472,28,신길,16148,37.516862,126.917865
경부선,명학,8157,7958,28,명학,16115,37.384653,126.935433
경인선,소사,8241,7750,28,소사,15991,37.482753,126.79544
안산선,오이도,7944,7937,28,오이도,15881,37.362357,126.738714
6호선,보문,8165,7694,28,보문,15859,37.585274,127.019351
5호선,명일,7967,7857,28,명일,15824,37.55137,127.143999
경인선,구일,7868,7901,28,구일,15769,37.496756,126.870793
8호선,남위례,7910,7813,28,남위례,15723,37.4624,127.13977
5호선,양평,7988,7717,28,양평,15705,37.492773,127.491837
9호선2~3단계,삼전,8065,7589,28,삼전,15654,37.504738,127.088025
신림선,보라매병원,7655,7969,28,보라매병원,15624,37.4929598,126.9234964
경부선,천안,7985,7506,28,천안,15491,36.810005,127.146826
6호선,봉화산(서울의료원),7977,7436,28,봉화산,15413,37.617283,127.091401
경인선,부개,8196,7146,28,부개,15342,37.488418,126.74109
경부선,석수,7968,7308,28,석수,15276,37.435047,126.902295
일산선,마두,7573,7665,28,마두,15238,37.652206,126.77762
수인선,인하대,7816,7372,28,인하대,15188,37.448493,126.649619
중앙선,망우,7739,7380,28,망우,15119,37.59955,127.091909
일산선,정발산,7525,7575,28,정발산,15100,37.659477,126.773359
공항철도 1호선,청라국제도시,7704,7358,28,청라국제도시,15062,37.556409,126.624648
3호선,금호,7719,7201,28,금호,14920,37.548034,127.015872
경의선,운정,7601,7282,28,운정,14883,37.725826,126.767257
6호선,삼각지(전쟁기념관),7826,7016,28,삼각지,14842,37.534075,126.9726
6호선,효창공원앞,7731,7075,28,효창공원앞,14806,37.538579,126.96221
경부선,서울역,10981,3820,28,서울역,14801,37.556228,126.972135
분당선,구성,7360,7390,28,구성,14750,37.298969,127.105664
3호선,지축,7298,7432,28,지축,14730,37.648033,126.913917
5호선,방이,7286,7414,28,방이,14700,37.508857,127.126133
경의선,야당,7256,7406,28,야당,14662,37.712327,126.761356
4호선,삼각지(전쟁기념관),6575,8067,28,삼각지,14642,37.534075,126.9726
중앙선,구리,7052,7526,28,구리,14578,37.603392,127.143869
9호선2~3단계,삼성중앙,7191,7377,28,삼성중앙,14568,37.513011,127.053282
경의선,행신,7242,7296,28,행신,14538,37.612102,126.834146
5호선,행당,7673,6772,28,행당,14445,37.557322,127.029476
9호선,증미,7315,7054,28,증미,14369,37.557402,126.861939
경의선,탄현,7327,6971,28,탄현,14298,37.694023,126.761086
경원선,양주,7308,6977,28,양주,14285,37.774381,127.044708
3호선,잠원,7233,6965,28,잠원,14198,37.512759,127.01122
분당선,도곡,7020,7172,28,도곡,14192,37.490922,127.055452
경의선,백마,7207,6984,28,백마,14191,37.658239,126.794461
6호선,구산,7900,6114,28,구산,14014,37.611377,126.91727
3호선,경찰병원,7023,6967,28,경찰병원,13990,37.495918,127.12454
9호선2~3단계,석촌고분,7076,6873,28,석촌고분,13949,37.502558,127.097033
공항철도 1호선,김포공항,9025,4907,28,김포공항,13932,37.5617,126.8041
경원선,월계,7135,6586,28,월계,13721,37.633212,127.058831
경부선,관악,6924,6698,28,관악,13622,37.419232,126.908706
과천선,선바위,7261,6270,28,선바위,13531,37.451673,127.002303
경원선,지행,6722,6787,28,지행,13509,37.892334,127.055716
5호선,방화,6854,6647,28,방화,13501,37.577446,126.812741
9호선,샛강,6943,6474,28,샛강,13417,37.517274,126.928422
경원선,덕정,6906,6474,28,덕정,13380,37.843188,127.061277
5호선,을지로4가,6701,6658,28,을지로4가,13359,37.566595,126.997817
9호선,신방화,6733,6542,28,신방화,13275,37.567532,126.816601
2호선,양천구청,6477,6777,28,양천구청,13254,37.512398,126.865819
경의선,금촌,6707,6516,28,금촌,13223,37.766217,126.774644
7호선,반포,6689,6510,28,반포,13199,37.508178,127.011727
경인선,백운,6689,6477,28,백운,13166,37.483664,126.707704
경원선,도봉산,7909,5245,28,도봉산,13154,37.689534,127.046049
경원선,덕계,6812,6339,28,덕계,13151,37.818486,127.056486
5호선,하남검단산,6746,6360,28,하남검단산,13106,37.53972,127.22345
분당선,선정릉,6490,6607,28,선정릉,13097,37.510735,127.043677
8호선,암사역사공원,6950,6144,28,암사역사공원,13094,37.55695,127.13702
5호선,마천,6895,6192,28,마천,13087,37.49499,127.152781
7호선,보라매,6428,6647,28,보라매,13075,37.499872,126.920428
6호선,상월곡(한국과학기술연구원),6692,6199,28,상월곡,12891,37.606377,127.048491
경원선,가능,6455,6165,28,가능,12620,37.748577,127.044213
경춘선,평내호평,6369,6131,28,평내호평,12500,37.653225,127.244493
경의선,풍산,6391,6095,28,풍산,12486,37.672346,126.786243
6호선,월드컵경기장(성산),5962,6445,28,월드컵경기장,12407,37.569532,126.899298
5호선,개롱,6118,6262,28,개롱,12380,37.498079,127.13482
5호선,신금호,5983,6371,28,신금호,12354,37.554548,127.020331
5호선,애오개,6192,5938,28,애오개,12130,37.553736,126.95682
6호선,태릉입구,5745,6355,28,태릉입구,12100,37.617338,127.074735
8호선,산성,5951,6139,28,산성,12090,37.457122,127.149908
경인선,온수(성공회대입구),6267,5805,28,온수,12072,37.492433,126.824086
우이신설선,북한산보국문,6337,5728,28,북한산보국문,12065,37.612072,127.008251
경부선,성환,6161,5845,28,성환,12006,36.916076,127.126964
경부선,군포,6153,5849,28,군포,12002,37.35356,126.948462
중앙선,상봉,6054,5920,28,상봉,11974,37.596678,127.08504
5호선,송정,6098,5844,28,송정,11942,37.561184,126.811973
5호선,마장,6073,5824,28,마장,11897,37.5661,127.042973
9호선2~3단계,송파나루,5728,6163,28,송파나루,11891,37.510372,127.112216
공항철도 1호선,검암,5914,5939,28,검암,11853,37.56866,126.675687
경부선,당정,6096,5742,28,당정,11838,37.344285,126.948345
3호선,오금,6188,5602,28,오금,11790,37.502129,127.128319
수인선,소래포구,5977,5801,28,소래포구,11778,37.40095,126.733522
6호선,녹사평(용산구청),5719,5973,28,녹사평,11692,37.534675,126.986695
경의선,가좌,5930,5606,28,가좌,11536,37.568491,126.915487
경의선,문산,5804,5629,28,문산,11433,37.854619,126.788047
3호선,도곡,5795,5632,28,도곡,11427,37.490922,127.055452
경강선,판교,5833,5577,28,판교,11410,37.394761,127.111217
5호선,강일,5945,5462,28,강일,11407,37.55749,127.17593
경원선,도봉,5778,5541,28,도봉,11319,37.679563,127.045595
5호선,개화산,5745,5518,28,개화산,11263,37.572399,126.806171
과천선,경마공원,5552,5559,28,경마공원,11111,37.443885,127.007888
7호선,용마산(용마폭포공원),5619,5492,28,용마산,11111,37.573647,127.086727
수인선,고색,5614,5405,28,고색,11019,37.24963,126.980248
우이신설선,솔샘,5633,5313,28,솔샘,10946,37.620238,127.013626
경인선,간석,5605,5315,28,간석,10920,37.464737,126.694181
중앙선,중랑,5620,5232,28,중랑,10852,37.594917,127.076116
중앙선,덕소,5399,5389,28,덕소,10788,37.586781,127.208832
수인선,인천논현,5268,5519,28,인천논현,10787,37.400614,126.722478
9호선,노들,5801,4959,28,노들,10760,37.512887,126.953222
5호선,올림픽공원(한국체대),5622,5128,28,올림픽공원,10750,37.516201,127.130923
분당선,대모산입구,5461,5245,28,대모산입구,10706,37.491373,127.07272
분당선,매교,5339,5346,28,매교,10685,37.265481,127.015678
8호선,신흥,5311,5372,28,신흥,10683,37.440918,127.147564
9호선2~3단계,종합운동장,5332,5266,28,종합운동장,10598,37.511022,127.073704
분당선,매탄권선,5392,5147,28,매탄권선,10539,37.252759,127.040566
분당선,이매,5419,5078,28,이매,10497,37.394655,127.127819
서해선,원종,5305,5142,28,원종,10447,37.5239,126.8049
장항선,온양온천,5143,5280,28,온양온천,10423,36.780483,127.003249
8호선,수진,5393,4950,28,수진,10343,37.437428,127.140722
5호선,신길,5200,5112,28,신길,10312,37.516862,126.917865
5호선,왕십리(성동구청),4634,5358,28,왕십리,9992,37.561238,127.036954
경부선,평택지제,5151,4822,28,지제,9973,37.0188,127.070444
분당선,상갈,5127,4838,28,상갈,9965,37.26181,127.108847
과천선,과천,5122,4659,28,과천,9781,37.433021,126.996568
안산선,대야미,5152,4583,28,대야미,9735,37.328467,126.917332
안산선,초지,4851,4864,28,초지,9715,37.320646,126.805913
9호선,신반포,4780,4770,28,신반포,9550,37.503415,126.995925
경의선,금릉,4812,4646,28,금릉,9458,37.751322,126.765347
경부선,송탄,4796,4648,28,송탄,9444,37.075696,127.054301
5호선,영등포구청,4728,4692,28,영등포구청,9420,37.525706,126.89661
수인선,사리,5031,4372,28,사리,9403,37.28998,126.85685
수인선,연수,4728,4670,28,연수,9398,37.417804,126.67894
공항철도 1호선,영종,4626,4731,28,영종,9357,37.51202,126.524254
5호선,충정로(경기대입구),4561,4755,28,충정로,9316,37.559704,126.964378
5호선,하남풍산,4642,4575,28,하남풍산,9217,37.552034,127.203864
8호선,모란,5085,4114,28,모란,9199,37.432052,127.129104
신림선,당곡,4731,4462,28,당곡,9193,37.4902998,126.9275133
6호선,불광,4691,4382,28,불광,9073,37.610553,126.92982
장항선,아산,4713,4306,28,아산,9019,36.792053,127.104361
분당선,청명,4590,4389,28,청명,8979,37.259489,127.078934
분당선,신갈,4543,4432,28,신갈,8975,37.286102,127.111313
수인선,원인재,4408,4545,28,원인재,8953,37.413049,126.686648
경원선,창동,4352,4600,28,창동,8952,37.653088,127.047274
우이신설선,정릉,4763,4169,28,정릉,8932,37.603133,127.013396
과천선,대공원,4364,4474,28,대공원,8838,37.435675,127.006523
9호선2~3단계,둔촌오륜,4420,4318,28,둔촌오륜,8738,37.519683,127.137989
신림선,보라매,4585,4086,28,보라매,8671,37.499872,126.920428
수인선,오목천,4689,3973,28,오목천,8662,37.24304,126.963676
우이신설선,가오리,4346,4280,28,가오리,8626,37.641537,127.016789
경원선,녹양,4387,4203,28,녹양,8590,37.75938,127.042292
수인선,숭의,4507,4082,28,숭의,8589,37.460789,126.638297
경의선,능곡,4384,4144,28,능곡,8528,37.618808,126.820783
9호선,신목동,4512,4012,28,신목동,8524,37.544277,126.88308
경춘선,마석,4288,4162,28,마석,8450,37.652782,127.311767
6호선,역촌,3907,4468,28,역촌,8375,37.606021,126.922744
안산선,반월,4234,4118,28,반월,8352,37.312212,126.903524
경부선,신도림,3989,4313,28,신도림,8302,37.508961,126.891084
3호선,무악재,4145,4078,28,무악재,8223,37.582299,126.950291
경원선,녹천,4355,3729,28,녹천,8084,37.644799,127.051269
경인선,인천,4337,3627,28,인천,7964,37.476079,126.616801
우이신설선,성신여대입구(돈암),3756,4192,28,성신여대입구,7948,37.592612,127.016441
수인선,호구포,3942,3984,28,호구포,7926,37.401637,126.708627
9호선,사평,4025,3870,28,사평,7895,37.504206,127.015259
2호선,신설동,4019,3859,28,신설동,7878,37.576048,127.024634
경부선,오산대,4024,3733,28,오산대,7757,37.168953,127.063197
우이신설선,4.19민주묘지,3896,3727,28,4.19민주묘지,7623,37.649502,127.013684
분당선,개포동,3735,3819,28,개포동,7554,37.489116,127.06614
경원선,이촌(국립중앙박물관),4082,3459,28,이촌,7541,37.522295,126.974733
경의선,공덕,4198,3323,28,공덕,7521,37.542596,126.952099
서해선,김포공항,2997,4426,28,김포공항,7423,37.5617,126.8041
경인선,도화,3848,3525,28,도화,7373,37.46607,126.668672
안산선,수리산,4019,3352,28,수리산,7371,37.349801,126.925365
6호선,청구,3762,3578,28,청구,7340,37.560276,127.013639
우이신설선,화계,3787,3516,28,화계,7303,37.634133,127.017511
공항철도 1호선,공덕,3188,4077,28,공덕,7265,37.542596,126.952099
6호선,약수,3544,3553,28,약수,7097,37.554867,127.010541
신림선,관악산(서울대),3602,3467,28,관악산,7069,37.4691018,126.9450639
경강선,초월,3642,3400,28,초월,7042,37.374419,127.299
5호선,오금,3492,3548,28,오금,7040,37.502129,127.128319
경부선,광명,3735,3272,28,광명,7007,37.416182,126.884466
경부선,세류,3621,3368,28,세류,6989,37.245025,127.013222
경인선,도원,3417,3489,28,도원,6906,37.468446,126.642706
중앙선,양평,3359,3486,28,양평,6845,37.492773,127.491837
경강선,이천,3318,3507,28,이천,6825,37.265579,127.44226
경의선,효창공원앞,3234,3570,28,효창공원앞,6804,37.538579,126.96221
경부선,세마,3500,3290,28,세마,6790,37.187533,127.04318
경강선,여주,3378,3408,28,여주,6786,37.282308,127.628816
경춘선,남춘천,3364,3395,28,남춘천,6759,37.864007,127.723792
신림선,서원,3590,3130,28,서원,6720,37.4782341,126.9330365
9호선2~3단계,한성백제,3526,3149,28,한성백제,6675,37.516404,127.116503
신림선,대방,3860,2802,28,대방,6662,37.513342,126.926382
분당선,구룡,3372,3239,28,구룡,6611,37.486839,127.058856
경원선,한남,3322,3287,28,한남,6609,37.52943,127.009169
우이신설선,북한산우이,3363,3212,28,북한산우이,6575,37.662909,127.012706
경의선,서울역,2969,3596,28,서울역,6565,37.556228,126.972135
5호선,동대문역사문화공원(DDP),3069,3444,28,동대문역사문화공원,6513,37.565613,127.009054
신림선,서울지방병무청,3092,3420,28,서울지방병무청,6512,37.5060464,126.9227083
5호선,청구,3305,3204,28,청구,6509,37.560276,127.013639
6호선,창신,3534,2961,28,창신,6495,37.579661,127.015241
신림선,샛강,2883,3389,28,샛강,6272,37.517274,126.928422
9호선,구반포,3272,2981,28,구반포,6253,37.501364,126.987332
경춘선,퇴계원,3267,2945,28,퇴계원,6212,37.648311,127.143952
2호선,용답,3133,3062,28,용답,6195,37.561904,127.050899
경원선,동두천중앙,3138,3050,28,동두천중앙,6188,37.901885,127.056482
중앙선,양원,3118,2992,28,양원,6110,37.606596,127.107906
경의선,수색,2986,2988,28,수색,5974,37.580842,126.895611
경의선,한국항공대,3060,2890,28,한국항공대,5950,,
수인선,월곶,3058,2845,28,월곶,5903,37.391769,126.742699
장항선,쌍용(나사렛대),2939,2804,28,쌍용,5743,36.793759,127.1214
경춘선,신내,2883,2759,28,신내,5642,37.612887,127.103218
우이신설선,삼양사거리,2889,2752,28,삼양사거리,5641,37.621337,127.020473
경의선,강매,3008,2526,28,강매,5534,37.612314,126.843223
9호선,공항시장,2676,2831,28,공항시장,5507,37.563726,126.810678
서해선,부천종합운동장,2892,2490,28,부천종합운동장,5382,37.505457,126.797289
3호선,학여울,2586,2632,28,학여울,5218,37.496663,127.070594
장항선,신창(순천향대),2666,2523,28,신창,5189,36.769502,126.951108
6호선,독바위,2499,2676,28,독바위,5175,37.618456,126.933031
경의선,홍대입구,2402,2770,28,홍대입구,5172,37.55679,126.923708
신림선,신림,2345,2817,28,신림,5162,37.484201,126.929715
우이신설선,솔밭공원,2620,2514,28,솔밭공원,5134,37.65603,127.013273
경의선,디지털미디어시티,2645,2478,28,디지털미디어시티,5123,37.577475,126.900453
우이신설선,삼양,2490,2627,28,삼양,5117,37.626914,127.018106
중앙선,도심,2782,2195,28,도심,4977,37.579622,127.222672
경강선,부발,2525,2415,28,부발,4940,37.260192,127.490277
신림선,보라매공원,2350,2561,28,보라매공원,4911,37.4955691,126.9180827
경춘선,갈매,2571,2305,28,갈매,4876,37.634118,127.114757
경의선,서강대,2481,2387,28,서강대,4868,37.551881,126.935711
수인선,송도,2541,2316,28,송도,4857,37.428514,126.657772
경춘선,별내,2537,2301,28,별내,4838,37.64202,127.12684
4호선,동작(현충원),2385,2428,28,동작,4813,37.502852,126.980347
우이신설선,신설동,2468,2310,28,신설동,4778,37.576048,127.024634
중앙선,용문,2385,2381,28,용문,4766,37.48223,127.594647
경강선,곤지암,2346,2326,28,곤지암,4672,37.351315,127.34674
경원선,서빙고,2432,2215,28,서빙고,4647,37.519594,126.988537
2호선,용두(동대문구청),2311,2254,28,용두,4565,37.574028,127.038091
장항선,탕정,2449,2103,28,탕정,4552,36.78866,127.08485
분당선,보정,2393,2143,28,보정,4536,37.312752,127.108196
6호선,버티고개,2202,2136,28,버티고개,4338,37.548013,127.007055
수인선,남동인더스파크,2063,2245,28,남동인더스파크,4308,37.407722,126.695216
9호선,동작(현충원),2278,2030,28,동작,4308,37.502852,126.980347
공항철도 1호선,공항화물청사,1812,2433,28,공항화물청사,4245,37.459041,126.477516
경춘선,가평,2113,2127,28,가평,4240,37.814536,127.510739
경원선,소요산,2116,2123,28,소요산,4239,37.9481,127.061034
경강선,삼동,2169,2057,28,삼동,4226,37.409522,127.20336
9호선,개화,2383,1660,28,개화,4043,37.578608,126.798153
경의선,월롱,2164,1874,28,월롱,4038,37.796188,126.792587
경춘선,사릉,2053,1978,28,사릉,4031,37.65108,127.176933
안산선,신길온천,2131,1898,28,신길온천,4029,37.338212,126.765844
경원선,동두천,2028,1983,28,동두천,4011,37.927878,127.05479
중앙선,양수,1988,1967,28,양수,3955,37.545981,127.329098
7호선,장암,2650,1235,28,장암,3885,37.700109,127.053196
경춘선,춘천,2009,1752,28,춘천,3761,37.885054,127.717023
경춘선,청평,1845,1816,28,청평,3661,37.735488,127.42661
수인선,신포,1817,1814,28,신포,3631,37.46874,126.623853
우이신설선,보문,1836,1795,28,보문,3631,37.585274,127.019351
2호선,신답,1677,1847,28,신답,3524,37.57004,127.046481
경원선,응봉,1822,1490,28,응봉,3312,37.549946,127.034538
경부선,진위,1720,1531,28,진위,3251,37.109447,127.062278
경원선,보산,1666,1549,28,보산,3215,37.913702,127.057277
경춘선,금곡,1623,1576,28,금곡,3199,37.637382,127.207853
수인선,어천,1639,1545,28,어천,3184,37.250102,126.90879
경춘선,천마산,1630,1524,28,천마산,3154,37.658978,127.285379
경강선,신둔도예촌,1575,1441,28,신둔도예촌,3016,37.317185,127.40476
수인선,인천,1173,1742,28,인천,2915,37.476079,126.616801
경의선,파주,1520,1286,28,파주,2806,37.815298,126.792783
장항선,배방,1395,1363,28,배방,2758,36.777629,127.052991
2호선,도림천,1317,1383,28,도림천,2700,37.514287,126.882768
경강선,성남,1428,1253,28,성남,2681,37.39468,127.11945
장항선,봉명,1359,1321,28,봉명,2680,36.801215,127.135763
경원선,연천,1349,1314,28,연천,2663,38.10073,127.07372
4호선,남태령,1442,1158,28,남태령,2600,37.463873,126.989134
경원선,전곡,1335,1257,28,전곡,2592,38.02458,127.0718
경부선,서동탄,1388,1158,28,서동탄,2546,37.195504,127.051672
경부선,직산,1078,1072,28,직산,2150,36.870593,127.143904
경의선,신촌,950,1166,28,신촌,2116,37.555131,126.936926
경강선,이매,1051,924,28,이매,1975,37.394655,127.127819
중앙선,팔당,890,942,28,팔당,1832,37.547371,127.243939
경춘선,대성리,764,820,28,대성리,1584,37.684071,127.379319
중앙선,운길산,777,760,28,운길산,1537,37.554669,127.310115
수인선,야목,793,672,28,야목,1465,37.264179,126.879483
중앙선,국수,712,698,28,국수,1410,37.516169,127.399367
경의선,곡산,582,603,28,곡산,1185,37.645676,126.801762
중앙선,아신,562,572,28,아신,1134,37.51382,127.443173
중앙선,양정,520,438,28,양정,958,37.60533,127.19364
경춘선,강촌,480,472,28,강촌,952,37.805723,127.634146
경춘선,김유정,450,486,28,김유정,936,37.818466,127.71434
경강선,세종대왕릉,419,425,28,세종대왕릉,844,37.295309,127.570938
중앙선,원덕,354,355,28,원덕,709,37.468672,127.547076
경춘선,상천,340,330,28,상천,670,37.770246,127.454821
중앙선,오빈,317,321,28,오빈,638,37.506062,127.473868
중앙선,신원,220,199,28,신원,419,37.525545,127.372921
경원선,청산,172,157,28,청산,329,37.98172,127.06912
경춘선,백양리,124,123,28,백양리,247,37.830779,127.58933
경춘선,굴봉산,123,118,28,굴봉산,241,37.832067,127.557695
수인선,달월,97,75,28,달월,172,37.379681,126.745177
중앙선,지평,59,59,28,지평,118,37.476393,127.629874
경원선,옥수,63,46,28,옥수,109,37.541684,127.017269
경의선,임진강,36,34,28,임진강,70,37.888421,126.746765
경의선,운천,6,4,28,운천,10,37.879942,126.769999
3호선,충무로,4,0,28,충무로,4,37.56143,126.994072
6호선,연신내,3,0,23,연신내,3,37.619229,126.921038
경의선,검암,2,0,4,검암,2,37.56866,126.675687
분당선,복정,2,0,20,복정,2,37.470047,127.12666
일산선,지축,1,0,12,지축,1,37.648033,126.913917
경의선,김포공항,1,0,2,김포공항,1,37.5617,126.8041
6호선,신내,1,0,8,신내,1,37.612887,127.103218
경의선,계양,1,0,5,계양,1,37.571449,126.73578
