line_name,station_name,latitude,longitude,dong_code,population_1km,workers_dong,transfer_lines,cbd_distance_km,daily_total
1호선,서울역,37.556228,126.972135,11020540,46301,50194,5,1.25,161792.0
2호선,잠실(송파구청),37.513262,127.100159,11240770,76258,54877,2,12.29,152068.0
2호선,홍대입구,37.55679,126.923708,11140660,60586,63106,3,4.91,149900.0
2호선,강남,37.49799,127.027912,11230640,63691,176721,1,8.8,149032.0
2호선,성수,37.544581,127.055961,11040680,48910,64621,1,7.29,116518.0
2호선,신림,37.484201,126.929715,11210640,110624,8824,2,10.09,106971.0
2호선,구로디지털단지,37.485266,126.901401,11170540,98866,95488,1,11.28,104569.0
경부선,용산,37.529849,126.964561,11030730,40081,53433,1,4.24,104344.0
2호선,을지로입구,37.566014,126.982618,11020520,9851,66312,1,0.41,104014.0
3호선,고속터미널,37.504891,127.004916,11220600,68747,29499,3,7.25,102436.0
2호선,삼성(무역센터),37.508844,127.06316,11230790,28949,73654,1,9.87,96667.0
2호선,선릉,37.504286,127.048203,11230640,68399,176721,2,9.28,95332.0
2호선,신도림,37.508961,126.891084,11170510,89090,16375,2,9.98,91667.0
2호선,역삼,37.500622,127.036456,11230640,54008,176721,1,8.96,90706.0
2호선,서울대입구(관악구청),37.481247,126.952739,11210800,112576,12444,1,9.74,89608.0
경부선,수원,37.266348,126.999561,31013680,48004,11604,2,33.43,87038.0
2호선,사당,37.476538,126.981544,11200630,64493,10502,2,10.01,86153.0
경부선,영등포,37.515504,126.907628,11190730,74359,5725,1,8.41,85370.0
4호선,명동,37.560989,126.986325,11020550,12374,108481,1,0.96,83241.0
2호선,신촌,37.555131,126.936926,11130750,68811,37317,2,3.83,79554.0
2호선,건대입구,37.540373,127.069191,11050530,89690,15266,2,8.55,77735.0
4호선,혜화,37.582336,127.001844,11010640,47187,18900,1,2.74,75965.0
1호선,종각,37.570161,126.982923,11010610,9325,106815,1,0.59,75601.0
7호선,가산디지털단지,37.481581,126.882581,11180510,54823,182115,2,12.65,75063.0
3호선,연신내,37.619229,126.921038,11120720,91556,4463,2,7.72,72307.0
3호선,양재(서초구청),37.484477,127.033902,11220520,49698,72379,1,10.37,69539.0
4호선,수유(강북구청),37.638052,127.025732,11090600,88580,9609,1,9.0,67676.0
5호선,광화문(세종문화회관),37.571525,126.97717,11010530,11768,56919,1,0.56,66629.0
2호선,합정,37.549457,126.913808,11140660,46556,63106,2,5.97,65157.0
경인선,부천,37.48405,126.782686,31052521,90461,4425,1,19.51,64444.0
4호선,충무로,37.56143,126.994072,11020570,19158,25095,2,1.52,63857.0
9호선,신논현,37.504598,127.02506,11230640,63536,176721,1,8.04,62262.0
경인선,부평,37.489445,126.724506,23060510,87432,14464,1,23.94,60780.0
3호선,압구정,37.527072,127.028461,11230770,34139,36359,1,6.25,60760.0
2호선,교대(법원.검찰청),37.493961,127.014667,11220510,62442,43285,2,8.69,60530.0
3호선,남부터미널(예술의전당),37.485013,127.016189,11220530,46893,91869,1,9.67,59292.0
4호선,회현(남대문시장),37.558514,126.978246,11020540,20305,50194,1,0.89,58578.0
3호선,안국,37.576477,126.985443,11010610,10692,106815,1,1.29,57056.0
9호선,여의도,37.521747,126.924357,11190540,33346,195020,2,6.87,56309.0
3호선,경복궁(정부서울청사),37.575762,126.97353,11010530,20276,56919,1,1.1,56115.0
2호선,구의(광진구청),37.537077,127.085916,11050600,91972,7251,1,10.06,55777.0
9호선,노량진,37.514149,126.94271,11200720,53717,7190,2,6.6,55772.0
경부선,금정,37.372209,126.943417,31160560,52048,11517,1,21.82,55666.0
5호선,여의도,37.521747,126.924357,11190540,33346,195020,2,6.87,55536.0
과천선,범계,37.389793,126.950806,31042650,70959,12732,1,19.79,55202.0
중앙선,회기,37.58946,127.057583,11060720,80419,4129,1,7.46,55188.0
1호선,시청,37.565715,126.977088,11020520,12844,66312,2,0.12,54764.0
4호선,쌍문,37.648627,127.034709,11100590,93581,3384,1,10.41,54451.0
2호선,낙성대(강감찬),37.47693,126.963693,11210620,90086,4488,1,10.04,54334.0
5호선,화곡,37.541513,126.840461,11160730,119878,9957,1,12.44,53168.0
2호선,강변(동서울터미널),37.535095,127.094681,11050620,55000,17735,1,10.86,52701.0
5호선,까치산,37.531768,126.846683,11160730,121398,9957,1,12.2,52121.0
과천선,인덕원,37.401553,126.976715,31042691,37981,56366,1,18.34,50801.0
2호선,을지로3가,37.566306,126.991696,11020600,16716,31514,2,1.21,50689.0
2호선,시청,37.565715,126.977088,11020520,12844,66312,2,0.12,50427.0
4호선,미아사거리,37.613292,127.030053,11090720,95919,6984,1,6.94,50373.0
경인선,역곡,37.485178,126.811502,31051581,75780,2701,1,17.24,50327.0
3호선,신사,37.516334,127.020114,11230520,48688,49743,1,6.7,50220.0
분당선,야탑,37.411185,127.128715,31023620,52703,24514,1,21.8,49289.0
1호선,청량리(서울시립대입구),37.579956,127.044585,11060830,76018,7768,2,6.06,49242.0
1호선,종로3가,37.570406,126.991847,11010610,15124,106815,3,1.3,48906.0
4호선,사당,37.476538,126.981544,11200630,64493,10502,2,10.01,48586.0
2호선,뚝섬,37.547184,127.047367,11040660,35668,27231,1,6.48,48375.0
4호선,창동,37.653088,127.047274,11100630,73263,6624,2,11.4,48371.0
2호선,대림(구로구청),37.493243,126.894932,11170550,109012,6493,2,10.95,48084.0
경인선,송내,37.4876,126.753664,31052531,59934,7133,1,21.64,47972.0
4호선,신용산,37.52917,126.967894,11030730,36361,53433,1,4.25,47714.0
경부선,안양,37.401592,126.922874,31041510,60624,7085,1,18.97,47672.0
2호선,신대방,37.487462,126.913149,11200690,101123,4273,1,10.49,47202.0
4호선,성신여대입구(돈암),37.592612,127.016441,11080820,86391,11681,2,4.46,46766.0
1호선,종로5가,37.570926,127.001849,11010630,25337,21257,1,2.16,46161.0
2호선,잠실새내,37.511687,127.086162,11240790,92491,4478,1,11.32,45821.0
5호선,발산,37.558598,126.837668,11160751,62700,73155,1,12.4,45351.0
2호선,봉천,37.482362,126.941892,11210800,119784,12444,1,9.88,45271.0
분당선,서현,37.385126,127.123592,31023580,45674,35919,1,23.91,45041.0
4호선,노원,37.65627,127.063276,11110660,89310,10784,2,12.49,44622.0
7호선,광명사거리,37.479252,126.854876,31060540,74974,2709,1,14.56,44493.0
경인선,개봉,37.494594,126.85968,11170720,86649,5685,1,13.14,44455.0
9호선2~3단계,봉은사,37.514219,127.060245,11230580,25329,75476,1,9.29,44227.0
7호선,철산,37.47605,126.867911,31060600,69184,14898,1,13.98,43595.0
2호선,영등포구청,37.525706,126.89661,11190550,84843,25622,2,8.49,43480.0
2호선,문래,37.517933,126.89476,11190760,65202,49183,1,9.11,43303.0
3호선,구파발,37.636763,126.918821,11120710,32551,13387,1,9.39,43094.0
4호선,길음,37.603407,127.025053,11080660,104292,4161,1,5.83,42299.0
5호선,오목교(목동운동장앞),37.524496,126.875181,11150510,77326,22713,1,10.2,42102.0
8호선,잠실(송파구청),37.513262,127.100159,11240770,76258,54877,2,12.29,42084.0
2호선,서초,37.491897,127.007917,11220530,40467,91869,1,8.7,41798.0
8호선,문정,37.485855,127.1225,11240690,68218,99373,1,15.58,41392.0
9호선,가양,37.561391,126.854456,11160540,76375,21949,1,10.9,41266.0
4호선,동대문역사문화공원(DDP),37.565613,127.009054,11020590,39264,34870,3,2.74,40810.0
7호선,학동,37.514229,127.031656,11230530,43051,72861,1,7.49,40722.0
분당선,모란,37.432052,127.129104,31022510,53942,14638,2,20.03,40658.0
7호선,노원,37.65627,127.063276,11110660,89310,10784,2,12.49,40532.0
5호선,천호(풍납토성),37.53864,127.123308,11240510,85074,2258,2,13.18,40283.0
9호선,고속터미널,37.504891,127.004916,11220600,68747,29499,3,7.25,40182.0
4호선,총신대입구(이수),37.486263,126.981989,11200730,91800,6011,1,8.93,39579.0
경원선,의정부,37.738415,127.045958,31030690,61529,19653,1,20.03,39297.0
2호선,당산,37.534946,126.902767,11190560,53352,25227,2,7.5,39164.0
분당선,압구정로데오,37.527381,127.040534,11230770,28252,36359,1,7.02,37907.0
3호선,수서,37.487378,127.101907,11230750,23364,18820,2,14.03,37890.0
분당선,수서,37.487378,127.101907,11230750,23364,18820,2,14.03,37788.0
4호선,동대문,37.571687,127.01093,11010670,50112,5490,2,2.96,37779.0
5호선,여의나루,37.527098,126.932901,11190540,19764,195020,1,5.92,37681.0
5호선,장한평,37.56144,127.064623,11040700,54462,12301,1,7.66,37600.0
일산선,삼송,37.653083,126.895558,31101512,32363,3981,1,12.06,37570.0
8호선,천호(풍납토성),37.53864,127.123308,11240510,85074,2258,2,13.18,37509.0
9호선,당산,37.534946,126.902767,11190560,53352,25227,2,7.5,37403.0
안산선,중앙,37.315941,126.838573,31092730,48577,30136,1,30.46,37337.0
경원선,청량리(서울시립대입구),37.579956,127.044585,11060830,76018,7768,2,6.06,37054.0
4호선,상계,37.660878,127.073572,11110640,92160,4098,1,13.45,36598.0
2호선,이대,37.556733,126.946013,11140600,81097,9562,1,3.02,36447.0
6호선,공덕,37.542596,126.952099,11140750,100989,18940,4,3.5,36186.0
7호선,청담,37.519365,127.05335,11230580,51237,75476,1,8.46,35679.0
5호선,미사,37.560927,127.193877,31180620,70957,14768,1,19.04,35455.0
3호선,홍제,37.589066,126.943736,11130620,64404,5803,1,3.93,35439.0
7호선,상봉,37.596678,127.08504,11070590,100564,6440,2,10.01,35341.0
5호선,강동,37.535804,127.132481,11250660,112680,6776,1,14.04,35265.0
4호선,서울역,37.556228,126.972135,11020540,46301,50194,5,1.25,35252.0
분당선,정자,37.365994,127.10807,31023770,48756,33750,1,25.08,35227.0
7호선,논현,37.511093,127.021415,11230520,56538,49743,1,7.25,35091.0
7호선,어린이대공원(세종대),37.548014,127.074658,11050540,72337,9553,1,8.76,35058.0
경원선,왕십리(성동구청),37.561238,127.036954,11040560,90946,8735,3,5.23,35034.0
6호선,응암,37.598605,126.915577,11120650,114697,5042,1,6.56,34759.0
경인선,주안,37.465047,126.679742,23090650,78047,10653,1,28.62,34736.0
6호선,망원,37.556094,126.910052,11140660,75311,63106,1,6.1,34516.0
5호선,서대문,37.565773,126.966641,11130730,48871,22726,1,1.0,34449.0
2호선,동대문역사문화공원(DDP),37.565613,127.009054,11020590,39264,34870,3,2.74,34339.0
2호선,종합운동장,37.511022,127.073704,11240780,36887,1282,2,10.45,34300.0
9호선,염창,37.546936,126.874916,11150520,82579,4944,1,9.34,34094.0
일산선,화정,37.634592,126.83265,31101620,55145,12444,1,14.88,34046.0
2호선,방배,37.481426,126.997596,11220640,45353,13552,1,9.62,34006.0
1호선,제기동,37.578103,127.034893,11060810,67420,29171,1,5.18,33938.0
안산선,산본,37.358101,126.933274,31160610,73215,13857,1,23.51,33258.0
3호선,불광,37.610553,126.92982,11120580,81123,7509,2,6.48,33236.0
5호선,종로3가,37.570406,126.991847,11010610,15124,106815,3,1.3,33171.0
7호선,고속터미널,37.504891,127.004916,11220600,68747,29499,3,7.25,33102.0
경부선,구로,37.503039,126.881966,11170560,79681,25179,1,11.02,33067.0
경부선,병점,37.207503,127.032731,31240520,43643,16840,1,40.21,33026.0
7호선,하계,37.636352,127.06799,11110590,86428,1550,1,11.1,32774.0
과천선,평촌,37.394287,126.963883,31042580,61190,17031,1,19.19,32664.0
5호선,목동,37.526065,126.864931,11150510,92714,22713,1,10.94,32504.0
7호선,이수,37.485196,126.981605,11200630,92785,10502,1,9.05,32315.0
공항철도 1호선,홍대입구,37.55679,126.923708,11140660,60586,63106,3,4.91,32137.0
분당선,한티,37.496237,127.052873,11230670,98695,20769,1,10.23,31797.0
7호선,강남구청,37.517469,127.041151,11230530,53928,72861,2,7.79,31712.0
경부선,가산디지털단지,37.481581,126.882581,11180510,54823,182115,2,12.65,31620.0
8호선,장지,37.478703,127.126191,11240810,48950,9122,1,16.31,31533.0
4호선,숙대입구(서울시교육청),37.54456,126.972106,11030530,59033,16526,1,2.49,31489.0
경부선,성균관대,37.300349,126.97075,31011550,46856,11215,1,29.6,31332.0
9호선,국회의사당,37.528105,126.917874,11190540,18458,195020,1,6.81,31276.0
4호선,미아(서울사이버대학),37.62667,127.025983,11090700,73755,7035,1,7.91,31270.0
5호선,마곡,37.560183,126.825448,11160690,58001,34147,1,13.46,31257.0
7호선,사가정,37.580894,127.088478,11070720,87878,7897,1,9.87,31242.0
2호선,왕십리(성동구청),37.561238,127.036954,11040560,90946,8735,3,5.23,30887.0
경부선,독산,37.466613,126.889249,11180510,68456,182115,1,13.59,30427.0
2호선,신당,37.56564,127.019614,11020670,89782,5555,2,3.67,30420.0
4호선,한성대입구(삼선교),37.588458,127.006221,11080820,65753,11681,1,3.49,30171.0
안산선,상록수,37.302795,126.866489,31091560,60776,5679,1,30.93,30145.0
경인선,동암,37.471408,126.702896,23060710,72540,5690,1,26.47,29849.0
8호선,암사,37.55021,127.127562,11250580,79029,3684,1,13.31,29789.0
9호선,마곡나루(서울식물원),37.566778,126.82731,11160751,38245,73155,2,13.28,29637.0
2호선,잠실나루,37.520733,127.10379,11240750,46938,1770,1,12.2,29604.0
2호선,을지로4가,37.566595,126.997817,11020600,22471,31514,2,1.75,29552.0
7호선,건대입구,37.540373,127.069191,11050530,89690,15266,2,8.55,29422.0
5호선,마포,37.539574,126.945932,11140590,75762,19848,1,4.12,29370.0
경부선,평택,36.990726,127.085159,31070600,26546,3415,1,64.72,29341.0
5호선,답십리,37.566747,127.052704,11040700,79008,12301,1,6.58,29303.0
공항철도 1호선,인천공항1터미널,37.447464,126.452508,23010640,0,52021,1,48.21,29239.0
5호선,우장산,37.548768,126.836318,11160670,94534,34058,1,12.64,29233.0
5호선,아차산(어린이대공원후문),37.551691,127.089761,11050610,68983,5644,1,9.99,29160.0
공항철도 1호선,서울역,37.556228,126.972135,11020540,46301,50194,5,1.25,29033.0
7호선,남구로,37.486056,126.887249,11170540,82965,95488,1,12.0,28977.0
분당선,미금,37.350077,127.10891,31023710,47439,13447,1,26.7,28893.0
7호선,면목,37.588579,127.087503,11070710,103066,7407,1,9.96,28755.0
분당선,수원시청,37.261911,127.030736,31012600,52868,15048,1,34.19,28717.0
7호선,숭실대입구(살피재),37.496029,126.953822,11200530,95850,9515,1,8.12,28691.0
7호선,신대방삼거리,37.499701,126.928276,11200680,92437,12253,1,8.63,28619.0
공항철도 1호선,마곡나루(서울식물원),37.566778,126.82731,11160751,38245,73155,2,13.28,28445.0
1호선,신설동,37.576048,127.024634,11060810,80257,29171,3,4.24,28368.0
6호선,안암(고대병원앞),37.586272,127.029005,11080600,63058,13831,1,5.0,28367.0
7호선,내방,37.487618,126.993513,11220650,60270,13946,1,8.88,28119.0
분당선,죽전,37.324753,127.107395,31193550,48605,6181,1,29.21,28083.0
분당선,망포,37.245795,127.057353,31014650,73383,16339,1,36.34,28051.0
6호선,디지털미디어시티,37.577475,126.900453,11120680,61646,2654,3,6.94,28050.0
2호선,상왕십리,37.564354,127.029354,11040710,106546,10993,1,4.53,27815.0
5호선,공덕,37.542596,126.952099,11140750,100989,18940,4,3.5,27641.0
1호선,동대문,37.571687,127.01093,11010670,50112,5490,2,2.96,27639.0
분당선,선릉,37.504286,127.048203,11230640,68399,176721,2,9.28,27346.0
2호선,한양대,37.555273,127.043655,11040550,49259,11235,1,5.92,27323.0
3호선,녹번,37.600927,126.935756,11120510,60643,13044,1,5.34,27241.0
7호선,군자(능동),37.557088,127.079577,11050590,79241,5980,2,9.01,27168.0
7호선,중계,37.644583,127.064303,11110780,87035,5366,1,11.54,27111.0
6호선,마포구청,37.563515,126.903343,11140730,71110,12638,1,6.59,26989.0
5호선,상일동,37.556712,127.166417,11250760,65629,7015,1,16.64,26851.0
6호선,합정,37.549457,126.913808,11140660,46556,63106,2,5.97,26812.0
경원선,외대앞,37.596073,127.063549,11060890,73997,6647,1,8.22,26325.0
5호선,둔촌동,37.527788,127.136248,11250670,67847,9124,1,14.6,26075.0
경원선,회룡,37.724416,127.04736,31030650,69670,6036,1,18.59,26072.0
6호선,이태원,37.534488,126.994302,11030650,34324,6841,1,3.84,25751.0
공항철도 1호선,디지털미디어시티,37.577475,126.900453,11120680,61646,2654,3,6.94,25583.0
과천선,정부과천청사,37.426513,126.98978,31110510,39132,10752,1,15.6,25400.0
5호선,군자(능동),37.557088,127.079577,11050590,79241,5980,2,9.01,25348.0
경인선,동인천,37.475276,126.632802,23010580,52029,3951,1,32.09,25205.0
3호선,을지로3가,37.566306,126.991696,11020600,16716,31514,2,1.21,25189.0
7호선,마들,37.66494,127.057675,11110720,82572,1973,1,13.0,25027.0
분당선,서울숲,37.543617,127.044707,11040650,34491,15836,1,6.41,24912.0
3호선,종로3가,37.570406,126.991847,11010610,15124,106815,3,1.3,24888.0
3호선,대치,37.494612,127.063642,11230790,78467,73654,1,11.0,24849.0
7호선,수락산,37.67785,127.055315,11110650,58409,9088,1,14.13,24740.0
분당선,태평,37.440019,127.127709,31021540,73128,4832,1,19.29,24737.0
분당선,가천대,37.448605,127.126697,31021540,47793,4832,1,18.54,24534.0
7호선,공릉(서울과학기술대),37.625742,127.072896,11110790,85338,13377,1,10.64,24532.0
3호선,동대입구,37.559052,127.005602,11020580,47064,7909,1,2.57,24433.0
3호선,약수,37.554867,127.010541,11020700,73900,8649,2,3.15,24387.0
3호선,교대(법원.검찰청),37.493961,127.014667,11220510,62442,43285,2,8.69,24294.0
4호선,이촌(국립중앙박물관),37.522295,126.974733,11030730,33144,53433,2,4.92,24202.0
7호선,상도,37.502834,126.94791,11200540,105982,5372,1,7.56,24161.0
6호선,새절(신사),37.591148,126.913629,11120660,96552,3398,1,6.3,23989.0
안산선,안산,37.327082,126.788532,31092760,42822,16155,1,31.44,23791.0
5호선,신정(은행정),37.524997,126.856191,11150720,95941,17227,1,11.69,23711.0
9호선,등촌,37.550632,126.865689,11160510,99120,15605,1,10.06,23665.0
8호선,남한산성입구(성남법원.검찰청),37.451535,127.159816,31022540,79848,5477,1,20.51,23410.0
경부선,오산,37.145885,127.06672,31140581,31963,16246,1,47.42,23206.0
6호선,돌곶이,37.610537,127.056431,11080850,65548,9117,1,8.47,23144.0
일산선,대곡,37.631626,126.811024,31101610,9093,4172,1,16.4,23115.0
6호선,월곡(동덕여대),37.601948,127.041518,11080720,66933,10567,1,6.85,23079.0
9호선2~3단계,중앙보훈병원,37.529191,127.148739,11250710,33000,9712,1,15.61,22894.0
3호선,매봉,37.486947,127.046769,11230660,70971,18608,1,10.73,22856.0
6호선,상수,37.547716,126.922852,11140760,46428,9603,1,5.29,22827.0
6호선,한강진,37.539631,127.001725,11030740,28468,20395,1,3.65,22739.0
1호선,동묘앞,37.573197,127.01648,11010700,74983,1785,2,3.47,22721.0
8호선,단대오거리,37.44521,127.156866,31022540,78592,5477,1,20.76,22604.0
7호선,천왕,37.486637,126.838713,11170730,38673,7925,1,15.16,22490.0
일산선,원당,37.653324,126.843041,31101540,34909,7449,1,15.31,22438.0
7호선,신풍,37.50008,126.90993,11190680,101845,4828,1,9.52,22386.0
분당선,수내,37.378455,127.114322,31023530,43560,21830,1,24.12,22365.0
공항철도 1호선,인천공항2터미널,37.460699,126.441442,23010640,0,52021,1,48.77,22308.0
5호선,김포공항,37.5617,126.8041,11160710,25043,14902,5,15.34,22268.0
경부선,화서,37.283862,126.989627,31013710,48635,5501,1,31.44,22218.0
6호선,화랑대(서울여대입구),37.620064,127.084689,11110560,79482,12694,1,11.13,22094.0
경부선,노량진,37.514149,126.94271,11200720,53717,7190,2,6.6,22081.0
공항철도 1호선,운서,37.492904,126.49379,23010640,20289,52021,1,43.48,22014.0
경인선,오류동,37.494526,126.845365,11170670,79870,5197,1,14.17,21797.0
5호선,영등포시장,37.522669,126.905139,11190740,71474,42776,1,8.06,21664.0
9호선2~3단계,언주,37.507287,127.033868,11230640,46300,176721,1,8.22,21638.0
5호선,광나루(장신대),37.545303,127.10357,11050630,42898,13626,1,11.32,21574.0
경인선,제물포,37.466769,126.656666,23090770,53837,17835,1,30.43,21448.0
7호선,중화,37.602545,127.079264,11070620,77372,6606,1,9.78,21441.0
일산선,원흥,37.650658,126.872642,31101513,26265,6265,1,13.18,21191.0
7호선,남성,37.484596,126.971251,11200660,99875,1894,1,9.13,21178.0
경부선,대방,37.513342,126.926382,11190690,62454,3335,2,7.46,21069.0
2호선,아현,37.557345,126.956141,11130740,98061,2616,1,2.18,21005.0
3호선,일원,37.483681,127.08439,11230720,37548,9787,1,13.15,20951.0
9호선,양천향교,37.568381,126.841333,11160751,44339,73155,1,12.05,20916.0
안산선,정왕,37.351735,126.742989,31150640,38040,9110,1,31.63,20911.0
6호선,동묘앞,37.573197,127.01648,11010700,74983,1785,2,3.47,20704.0
7호선,중곡,37.565923,127.08432,11050570,72843,5779,1,9.37,20600.0
경부선,금천구청,37.455626,126.89398,11180520,76596,24899,1,14.38,20592.0
9호선2~3단계,올림픽공원(한국체대),37.516201,127.130923,11240590,31702,5085,2,14.6,20490.0
일산선,대화,37.676087,126.747569,31104570,37165,20367,1,23.67,20414.0
6호선,대흥(서강대앞),37.547771,126.942069,11140600,86912,9562,1,3.79,20396.0
8호선,강동구청,37.530341,127.120508,11250650,71810,18829,1,13.19,20364.0
경의선,일산,37.682077,126.769846,31104520,91153,3868,1,22.39,20240.0
안산선,한대앞,37.309689,126.85344,31091740,41336,11272,1,30.6,20128.0
6호선,석계,37.614532,127.065934,11080850,72655,9117,2,9.41,20080.0
분당선,기흥,37.275061,127.11591,31192520,44821,19496,1,34.62,19961.0
7호선,먹골,37.610637,127.077725,11070650,65313,4148,1,10.06,19961.0
일산선,백석,37.643114,126.78787,31103610,44949,11023,1,18.79,19935.0
3호선,대청,37.493514,127.079532,11230511,50544,10527,1,12.08,19895.0
9호선,흑석(중앙대입구),37.50877,126.963708,11200710,37766,10506,1,6.54,19861.0
2호선,충정로(경기대입구),37.559704,126.964378,11130730,61850,22726,2,1.42,19803.0
경원선,방학,37.667503,127.044273,11100550,81055,13421,1,12.66,19548.0
9호선2~3단계,선정릉,37.510735,127.043677,11230530,59978,72861,2,8.48,19496.0
분당선,오리,37.339824,127.108942,31023670,46349,22958,1,27.73,19467.0
5호선,고덕,37.555004,127.154151,11250540,75204,5499,1,15.58,19443.0
경부선,남영,37.541021,126.9713,11030530,46664,16526,1,2.89,19423.0
경원선,석계,37.614532,127.065934,11080850,72655,9117,2,9.41,19413.0
신림선,서울대벤처타운,37.4720019,126.9339351,11210820,86094,2751,1,11.2,19238.0
7호선,대림(구로구청),37.493243,126.894932,11170550,109012,6493,2,10.95,19205.0
7호선,도봉산,37.689534,127.046049,11100650,29380,7365,2,14.94,19144.0
5호선,거여,37.493105,127.14415,11240530,81823,3502,1,16.77,19054.0
7호선,장승배기,37.504898,126.93915,11200540,94228,5372,1,7.66,18851.0
경부선,두정,36.833705,127.14896,34012600,50868,20943,1,57.71,18825.0
분당선,강남구청,37.517469,127.041151,11230530,53928,72861,2,7.79,18648.0
8호선,송파,37.499703,127.112183,11240660,83558,12324,1,13.97,18621.0
5호선,굽은다리(강동구민회관앞),37.545477,127.142853,11250610,109319,5332,1,14.72,18613.0
경부선,서정리,37.056496,127.052819,31070510,37932,12508,1,57.09,18519.0
2호선,신정네거리,37.520074,126.852912,11150660,97447,9569,1,12.18,18495.0
9호선2~3단계,석촌,37.505557,127.106832,11240630,87144,15687,2,13.23,18488.0
3호선,옥수,37.541684,127.017269,11040730,49944,4749,2,4.43,18364.0
경원선,망월사,37.709914,127.047455,31030550,30070,7619,1,17.08,18358.0
7호선,온수(성공회대입구),37.492433,126.824086,11170690,42490,6010,2,15.88,18348.0
공항철도 1호선,계양,37.571449,126.73578,23070630,5727,4479,2,21.36,18330.0
8호선,석촌,37.505557,127.106832,11240630,87144,15687,2,13.23,18219.0
6호선,광흥창(서강),37.547456,126.931993,11140760,65100,9603,1,4.58,18127.0
5호선,길동,37.537801,127.140004,11250740,115240,18502,1,14.63,18003.0
분당선,영통,37.251568,127.071394,31014660,64501,15932,1,35.98,17940.0
6호선,고려대(종암),37.590508,127.036296,11060820,55603,11903,1,5.79,17930.0
4호선,불암산,37.670272,127.079066,11110760,34613,4631,1,14.57,17883.0
8호선,가락시장,37.492245,127.117757,11240660,58654,12324,2,14.83,17773.0
중앙선,도농,37.608806,127.161153,31130580,53269,18990,1,16.81,17727.0
경원선,광운대,37.623632,127.061835,11110510,77530,6237,1,9.74,17722.0
3호선,가락시장,37.492245,127.117757,11240660,58654,12324,2,14.83,17679.0
6호선,증산(명지대앞),37.583876,126.909645,11120670,89005,4201,1,6.33,17649.0
경부선,의왕,37.320852,126.948217,31170520,25262,15016,1,27.44,17475.0
일산선,주엽,37.670072,126.761334,31104550,71058,5142,1,22.29,17248.0
7호선,태릉입구,37.617338,127.074735,11110790,88817,13377,2,10.23,17185.0
경인선,중동,37.486562,126.764843,31052541,87827,5279,1,20.79,17150.0
8호선,몽촌토성(평화의문),37.517409,127.112359,11240750,61805,1770,1,13.04,17056.0
안산선,고잔,37.316784,126.823144,31092740,30920,9928,1,30.95,17052.0
5호선,하남시청(덕풍·신장),37.54205,127.20612,31180560,62800,14226,1,20.29,16889.0
8호선,복정,37.470047,127.12666,11240820,16152,5786,2,16.94,16868.0
6호선,신당,37.56564,127.019614,11020670,89782,5555,2,3.67,16780.0
9호선,김포공항,37.5617,126.8041,11160710,25043,14902,5,15.34,16625.0
9호선,선유도,37.53802,126.893525,11190620,37830,22683,1,8.09,16545.0
경원선,신이문,37.601854,127.067325,11060900,69936,2264,1,8.8,16520.0
3호선,독립문,37.574571,126.957748,11010570,41517,1519,1,2.0,16484.0
경강선,경기광주,37.399907,127.25263,31250540,24335,12792,1,30.5,16405.0
분당선,수원,37.266348,126.999561,31013680,48004,11604,2,33.43,16183.0
경부선,신길,37.516862,126.917865,11190630,57049,4337,2,7.65,16148.0
경부선,명학,37.384653,126.935433,31041560,35294,10465,1,20.57,16115.0
경인선,소사,37.482753,126.79544,31052551,74186,6798,1,18.6,15991.0
안산선,오이도,37.362357,126.738714,31150640,27088,9110,1,31.0,15881.0
6호선,보문,37.585274,127.019351,11080610,73092,6604,2,4.2,15859.0
5호선,명일,37.55137,127.143999,11250530,107900,7906,1,14.73,15824.0
경인선,구일,37.496756,126.870793,11170710,57884,31437,1,12.23,15769.0
8호선,남위례,37.4624,127.13977,31021670,22738,10288,1,18.37,15723.0
5호선,양평,37.492773,127.491837,31580110,15713,14932,2,46.05,15705.0
9호선2~3단계,삼전,37.504738,127.088025,11240710,90486,21873,1,11.89,15654.0
신림선,보라매병원,37.4929598,126.9234964,11200700,102133,17551,1,9.49,15624.0
경부선,천안,36.810005,127.146826,34012510,33335,4767,1,55.34,15491.0
6호선,봉화산(서울의료원),37.617283,127.091401,11070690,47433,15711,1,11.48,15413.0
경인선,부개,37.488418,126.74109,23060660,72750,3553,1,22.62,15342.0
경부선,석수,37.435047,126.902295,31041600,21070,5502,1,16.07,15276.0
일산선,마두,37.652206,126.77762,31103590,42467,39559,1,20.06,15238.0
수인선,인하대,37.448493,126.649619,23090590,49881,9485,1,31.8,15188.0
중앙선,망우,37.59955,127.091909,11070590,98651,6440,1,10.69,15119.0
일산선,정발산,37.659477,126.773359,31103590,29769,39559,1,20.78,15100.0
공항철도 1호선,청라국제도시,37.556409,126.624648,23080790,257,9335,1,31.17,15062.0
3호선,금호,37.548034,127.015872,11040620,89350,2195,1,3.92,14920.0
경의선,운정,37.725826,126.767257,31200514,15763,7939,1,25.65,14883.0
6호선,삼각지(전쟁기념관),37.534075,126.9726,11030730,30586,53433,2,3.64,14842.0
6호선,효창공원앞,37.538579,126.96221,11030590,77649,1900,2,3.4,14806.0
경부선,서울역,37.556228,126.972135,11020540,46301,50194,5,1.25,14801.0
분당선,구성,37.298969,127.105664,31192570,22713,12469,1,31.81,14750.0
3호선,지축,37.648033,126.913917,31101560,31549,3547,2,10.68,14730.0
5호선,방이,37.508857,127.126133,11240570,73585,7823,1,14.55,14700.0
경의선,야당,37.712327,126.761356,31200514,43560,7939,1,25.04,14662.0
4호선,삼각지(전쟁기념관),37.534075,126.9726,11030730,30586,53433,2,3.64,14642.0
중앙선,구리,37.603392,127.143869,31120520,60258,14696,1,15.18,14578.0
9호선2~3단계,삼성중앙,37.513011,127.053282,11230590,45659,48399,1,8.91,14568.0
경의선,행신,37.612102,126.834146,31101660,34819,8746,1,13.65,14538.0
5호선,행당,37.557322,127.029476,11040570,114940,2167,1,4.65,14445.0
9호선,증미,37.557402,126.861939,11160520,75002,17999,1,10.28,14369.0
경의선,탄현,37.694023,126.761086,31104513,66382,10172,1,23.79,14298.0
경원선,양주,37.774381,127.044708,31260510,1085,5202,1,23.85,14285.0
3호선,잠원,37.512759,127.01122,11220550,60418,18080,1,6.65,14198.0
분당선,도곡,37.490922,127.055452,11230600,76979,7874,2,10.83,14192.0
경의선,백마,37.658239,126.794461,31103540,43027,9580,1,19.12,14191.0
6호선,구산,37.611377,126.91727,11120560,105322,6445,1,7.32,14014.0
3호선,경찰병원,37.495918,127.12454,11240670,76506,11987,1,15.12,13990.0
9호선2~3단계,석촌고분,37.502558,127.097033,11240630,85419,15687,1,12.68,13949.0
공항철도 1호선,김포공항,37.5617,126.8041,11160710,25043,14902,5,15.34,13932.0
경원선,월계,37.633212,127.058831,11110520,68326,3441,1,10.28,13721.0
경부선,관악,37.419232,126.908706,31041610,36420,9097,1,17.48,13622.0
과천선,선바위,37.451673,127.002303,31110550,3242,11230,1,12.95,13531.0
경원선,지행,37.892334,127.055716,31080610,45060,7755,1,36.87,13509.0
5호선,방화,37.577446,126.812741,11160761,49968,4609,1,14.62,13501.0
9호선,샛강,37.517274,126.928422,11190540,52417,195020,2,7.0,13417.0
경원선,덕정,37.843188,127.061277,31260530,15288,6403,1,31.63,13380.0
5호선,을지로4가,37.566595,126.997817,11020600,22471,31514,2,1.75,13359.0
9호선,신방화,37.567532,126.816601,11160700,81955,12283,1,14.23,13275.0
2호선,양천구청,37.512398,126.865819,11150700,70718,6132,1,11.58,13254.0
경의선,금촌,37.766217,126.774644,31200530,29997,15687,1,28.52,13223.0
7호선,반포,37.508178,127.011727,11220570,75597,14658,1,7.13,13199.0
경인선,백운,37.483664,126.707704,23060530,49928,3562,1,25.55,13166.0
경원선,도봉산,37.689534,127.046049,11100650,29380,7365,2,14.94,13154.0
경원선,덕계,37.818486,127.056486,31260540,19283,8625,1,28.86,13151.0
5호선,하남검단산,37.53972,127.22345,31180530,32326,12873,1,21.84,13106.0
분당선,선정릉,37.510735,127.043677,11230530,59978,72861,2,8.48,13097.0
8호선,암사역사공원,37.55695,127.13702,11250590,69438,2609,1,14.06,13094.0
5호선,마천,37.49499,127.152781,11240550,73470,2919,1,17.34,13087.0
7호선,보라매,37.499872,126.920428,11190680,96372,4828,2,8.98,13075.0
6호선,상월곡(한국과학기술연구원),37.606377,127.048491,11080720,51677,10567,1,7.63,12891.0
경원선,가능,37.748577,127.044213,31030680,53235,6465,1,21.07,12620.0
경춘선,평내호평,37.653225,127.244493,31130520,53270,8723,1,25.38,12500.0
경의선,풍산,37.672346,126.786243,31103540,37373,9580,1,20.59,12486.0
6호선,월드컵경기장(성산),37.569532,126.899298,11140730,52976,12638,1,6.94,12407.0
5호선,개롱,37.498079,127.13482,11240670,79472,11987,1,15.78,12380.0
5호선,신금호,37.554548,127.020331,11040720,114695,2834,1,3.96,12354.0
5호선,애오개,37.553736,126.95682,11140780,102529,13979,1,2.35,12130.0
6호선,태릉입구,37.617338,127.074735,11110790,88817,13377,2,10.23,12100.0
8호선,산성,37.457122,127.149908,31021680,33094,18252,1,19.44,12090.0
경인선,온수(성공회대입구),37.492433,126.824086,11170690,42490,6010,2,15.88,12072.0
우이신설선,북한산보국문,37.612072,127.008251,11080650,85960,4894,1,5.73,12065.0
경부선,성환,36.916076,127.126964,34012110,7202,14496,1,66.97,12006.0
경부선,군포,37.35356,126.948462,31160510,45595,39239,1,23.82,12002.0
중앙선,상봉,37.596678,127.08504,11070590,100564,6440,2,10.01,11974.0
5호선,송정,37.561184,126.811973,11160690,56340,34147,1,14.65,11942.0
5호선,마장,37.5661,127.042973,11040540,66322,12537,1,5.73,11897.0
9호선2~3단계,송파나루,37.510372,127.112216,11240580,77804,24767,1,13.38,11891.0
공항철도 1호선,검암,37.56866,126.675687,23080510,22566,19813,2,26.65,11853.0
경부선,당정,37.344285,126.948345,31160510,44621,39239,1,24.85,11838.0
3호선,오금,37.502129,127.128319,11240600,78476,20240,2,15.06,11790.0
수인선,소래포구,37.40095,126.733522,23050740,59262,68277,1,28.36,11778.0
6호선,녹사평(용산구청),37.534675,126.986695,11030520,19519,2031,1,3.62,11692.0
경의선,가좌,37.568491,126.915487,11130690,86353,2721,1,5.51,11536.0
경의선,문산,37.854619,126.788047,31200110,16869,14667,1,36.13,11433.0
3호선,도곡,37.490922,127.055452,11230600,76979,7874,2,10.83,11427.0
경강선,판교,37.394761,127.111217,31023760,39692,22403,1,22.42,11410.0
5호선,강일,37.55749,127.17593,11250750,75566,4533,1,17.48,11407.0
경원선,도봉,37.679563,127.045595,11100650,61983,7365,1,13.91,11319.0
5호선,개화산,37.572399,126.806171,11160710,47556,14902,1,15.16,11263.0
과천선,경마공원,37.443885,127.007888,31110550,1772,11230,1,13.89,11111.0
7호선,용마산(용마폭포공원),37.573647,127.086727,11070540,65917,4901,1,9.62,11111.0
수인선,고색,37.24963,126.980248,31012550,15681,40570,1,35.23,11019.0
우이신설선,솔샘,37.620238,127.013626,11090730,84266,2961,1,6.75,10946.0
경인선,간석,37.464737,126.694181,23050580,76237,7753,1,27.47,10920.0
중앙선,중랑,37.594917,127.076116,11070620,90731,6606,1,9.21,10852.0
중앙선,덕소,37.586781,127.208832,31130110,26518,14491,1,20.47,10788.0
수인선,인천논현,37.400614,126.722478,23050730,50652,22219,1,29.13,10787.0
9호선,노들,37.512887,126.953222,11200720,47054,7190,1,6.35,10760.0
5호선,올림픽공원(한국체대),37.516201,127.130923,11240590,31702,5085,2,14.6,10750.0
분당선,대모산입구,37.491373,127.07272,11230800,70614,4108,1,11.81,10706.0
분당선,매교,37.265481,127.015678,31013670,75122,3939,1,33.64,10685.0
8호선,신흥,37.440918,127.147564,31021530,69502,4566,1,20.46,10683.0
9호선2~3단계,종합운동장,37.511022,127.073704,11240780,36887,1282,2,10.45,10598.0
분당선,매탄권선,37.252759,127.040566,31012610,53579,9257,1,35.32,10539.0
분당선,이매,37.394655,127.127819,31023600,38370,5199,2,23.24,10497.0
서해선,원종,37.5239,126.8049,31053541,77381,3859,1,15.98,10447.0
장항선,온양온천,36.780483,127.003249,34040520,29788,4245,1,58.71,10423.0
8호선,수진,37.437428,127.140722,31022510,94663,14638,1,20.3,10343.0
5호선,신길,37.516862,126.917865,11190630,57049,4337,2,7.65,10312.0
5호선,왕십리(성동구청),37.561238,127.036954,11040560,90946,8735,3,5.23,9992.0
경부선,평택지제,37.0188,127.070444,31070640,10183,12413,1,61.45,9973.0
분당선,상갈,37.26181,127.108847,31192650,19493,3704,1,35.8,9965.0
과천선,과천,37.433021,126.996568,31110530,38701,8501,1,14.93,9781.0
안산선,대야미,37.328467,126.917332,31160630,8462,3026,1,27.0,9735.0
안산선,초지,37.320646,126.805913,31092660,28552,119041,1,31.28,9715.0
9호선,신반포,37.503415,126.995925,11220580,42515,2341,1,7.19,9550.0
경의선,금릉,37.751322,126.765347,31200520,32092,8965,1,27.8,9458.0
경부선,송탄,37.075696,127.054301,31070580,43604,2484,1,54.99,9444.0
5호선,영등포구청,37.525706,126.89661,11190550,84843,25622,2,8.49,9420.0
수인선,사리,37.28998,126.85685,31091770,70297,5632,1,32.56,9403.0
수인선,연수,37.417804,126.67894,23040540,64948,6792,1,31.14,9398.0
공항철도 1호선,영종,37.51202,126.524254,23010650,0,4737,1,40.46,9357.0
5호선,충정로(경기대입구),37.559704,126.964378,11130730,61850,22726,2,1.42,9316.0
5호선,하남풍산,37.552034,127.203864,31180560,34770,14226,1,19.97,9217.0
8호선,모란,37.432052,127.129104,31022510,53942,14638,2,20.03,9199.0
신림선,당곡,37.4902998,126.9275133,11210520,105430,6940,1,9.57,9193.0
6호선,불광,37.610553,126.92982,11120580,81123,7509,2,6.48,9073.0
장항선,아산,36.792053,127.104361,34040120,24995,29526,1,55.11,9019.0
분당선,청명,37.259489,127.078934,31014640,38363,3826,1,35.28,8979.0
분당선,신갈,37.286102,127.111313,31192610,37133,10192,1,33.33,8975.0
수인선,원인재,37.413049,126.686648,23040540,42692,6792,1,30.85,8953.0
경원선,창동,37.653088,127.047274,11100630,73263,6624,2,11.4,8952.0
우이신설선,정릉,37.603133,127.013396,11080620,101393,2429,1,5.13,8932.0
과천선,대공원,37.435675,127.006523,31110560,18902,3115,1,14.76,8838.0
9호선2~3단계,둔촌오륜,37.519683,127.137989,11250700,21718,246,1,15.04,8738.0
신림선,보라매,37.499872,126.920428,11190680,96372,4828,2,8.98,8671.0
수인선,오목천,37.24304,126.963676,31012550,19465,40570,1,35.99,8662.0
우이신설선,가오리,37.641537,127.016789,11090640,84046,4434,1,9.02,8626.0
경원선,녹양,37.75938,127.042292,31030640,28876,5132,1,22.18,8590.0
수인선,숭의,37.460789,126.638297,23090560,63931,3260,1,32.19,8589.0
경의선,능곡,37.618808,126.820783,31101610,37902,4172,1,15.02,8528.0
9호선,신목동,37.544277,126.88308,11150520,45538,4944,1,8.72,8524.0
경춘선,마석,37.652782,127.311767,31130111,16468,31580,1,30.93,8450.0
6호선,역촌,37.606021,126.922744,11120510,105914,13044,1,6.56,8375.0
안산선,반월,37.312212,126.903524,31091710,12423,9404,1,29.03,8352.0
경부선,신도림,37.508961,126.891084,11170510,89090,16375,2,9.98,8302.0
3호선,무악재,37.582299,126.950291,11130620,40393,5803,1,3.01,8223.0
경원선,녹천,37.644799,127.051269,11110520,47438,3441,1,10.84,8084.0
경인선,인천,37.476079,126.616801,23010670,12612,4129,2,33.4,7964.0
우이신설선,성신여대입구(돈암),37.592612,127.016441,11080820,86391,11681,2,4.46,7948.0
수인선,호구포,37.401637,126.708627,23050730,21217,22219,1,30.02,7926.0
9호선,사평,37.504206,127.015259,11220570,78948,14658,1,7.67,7895.0
2호선,신설동,37.576048,127.024634,11060810,80257,29171,3,4.24,7878.0
경부선,오산대,37.168953,127.063197,31140572,33374,6654,1,44.84,7757.0
우이신설선,4.19민주묘지,37.649502,127.013684,11090740,58064,5313,1,9.75,7623.0
분당선,개포동,37.489116,127.06614,11230800,75823,4108,1,11.6,7554.0
경원선,이촌(국립중앙박물관),37.522295,126.974733,11030730,33144,53433,2,4.92,7541.0
경의선,공덕,37.542596,126.952099,11140750,100989,18940,4,3.5,7521.0
서해선,김포공항,37.5617,126.8041,11160710,25043,14902,5,15.34,7423.0
경인선,도화,37.46607,126.668672,23090770,66752,17835,1,29.48,7373.0
안산선,수리산,37.349801,126.925365,31160590,37528,1687,1,24.54,7371.0
6호선,청구,37.560276,127.013639,11020700,68427,8649,2,3.22,7340.0
우이신설선,화계,37.634133,127.017511,11090630,77449,5602,1,8.29,7303.0
공항철도 1호선,공덕,37.542596,126.952099,11140750,100989,18940,4,3.5,7265.0
6호선,약수,37.554867,127.010541,11020700,73900,8649,2,3.15,7097.0
신림선,관악산(서울대),37.4691018,126.9450639,11210730,48223,15551,1,11.21,7069.0
경강선,초월,37.374419,127.299,31250120,11503,27821,1,35.48,7042.0
5호선,오금,37.502129,127.128319,11240600,78476,20240,2,15.06,7040.0
경부선,광명,37.416182,126.884466,31060700,22062,16648,1,18.64,7007.0
경부선,세류,37.245025,127.013222,31012530,21756,6312,1,35.88,6989.0
경인선,도원,37.468446,126.642706,23020640,54229,1643,1,31.52,6906.0
중앙선,양평,37.492773,127.491837,31580110,15713,14932,2,46.05,6845.0
경강선,이천,37.265579,127.44226,31210520,3920,13421,1,52.92,6825.0
경의선,효창공원앞,37.538579,126.96221,11030590,77649,1900,2,3.4,6804.0
경부선,세마,37.187533,127.04318,31140550,10678,15287,1,42.53,6790.0
경강선,여주,37.282308,127.628816,31280520,11792,8645,1,65.59,6786.0
경춘선,남춘천,37.864007,127.723792,32010670,36106,14016,1,73.47,6759.0
신림선,서원,37.4782341,126.9330365,11210640,102412,8824,1,10.59,6720.0
9호선2~3단계,한성백제,37.516404,127.116503,11240590,56153,5085,1,13.42,6675.0
신림선,대방,37.513342,126.926382,11190690,62454,3335,2,7.46,6662.0
분당선,구룡,37.486839,127.058856,11230800,65189,4108,1,11.37,6611.0
경원선,한남,37.52943,127.009169,11030740,25517,20395,1,4.95,6609.0
우이신설선,북한산우이,37.662909,127.012706,11090740,16669,5313,1,11.15,6575.0
경의선,서울역,37.556228,126.972135,11020540,46301,50194,5,1.25,6565.0
5호선,동대문역사문화공원(DDP),37.565613,127.009054,11020590,39264,34870,3,2.74,6513.0
신림선,서울지방병무청,37.5060464,126.9227083,11190690,95299,3335,1,8.3,6512.0
5호선,청구,37.560276,127.013639,11020700,68427,8649,2,3.22,6509.0
6호선,창신,37.579661,127.015241,11010700,80823,1785,1,3.59,6495.0
신림선,샛강,37.517274,126.928422,11190540,52417,195020,2,7.0,6272.0
9호선,구반포,37.501364,126.987332,11220560,32268,1096,1,7.29,6253.0
경춘선,퇴계원,37.648311,127.143952,31130160,23016,4203,1,17.22,6212.0
2호선,용답,37.561904,127.050899,11040550,48540,11235,1,6.45,6195.0
경원선,동두천중앙,37.901885,127.056482,31080560,38114,5443,1,37.93,6188.0
중앙선,양원,37.606596,127.107906,11070730,40924,12471,1,12.28,6110.0
경의선,수색,37.580842,126.895611,11120680,43726,2654,1,7.43,5974.0
수인선,월곶,37.391769,126.742699,31150690,21473,5671,1,28.44,5903.0
장항선,쌍용(나사렛대),36.793759,127.1214,34012540,62461,7722,1,54.61,5743.0
경춘선,신내,37.612887,127.103218,11070730,46889,12471,2,12.18,5642.0
우이신설선,삼양사거리,37.621337,127.020473,11090690,97625,3872,1,7.15,5641.0
경의선,강매,37.612314,126.843223,31101660,36100,8746,1,12.92,5534.0
9호선,공항시장,37.563726,126.810678,11160690,63712,34147,1,14.75,5507.0
서해선,부천종합운동장,37.505457,126.797289,31051591,11243,19531,1,17.32,5382.0
3호선,학여울,37.496663,127.070594,11230790,64228,73654,1,11.27,5218.0
장항선,신창(순천향대),36.769502,126.951108,34040400,1144,11069,1,60.58,5189.0
6호선,독바위,37.618456,126.933031,11120520,55754,6792,1,7.01,5175.0
경의선,홍대입구,37.55679,126.923708,11140660,60586,63106,3,4.91,5172.0
신림선,신림,37.484201,126.929715,11210640,110624,8824,2,10.09,5162.0
우이신설선,솔밭공원,37.65603,127.013273,11090740,30167,5313,1,10.43,5134.0
경의선,디지털미디어시티,37.577475,126.900453,11120680,61646,2654,3,6.94,5123.0
우이신설선,삼양,37.626914,127.018106,11090690,76728,3872,1,7.59,5117.0
중앙선,도심,37.579622,127.222672,31130110,28099,14491,1,21.61,4977.0
경강선,부발,37.260192,127.490277,31210120,9503,43116,1,56.63,4940.0
신림선,보라매공원,37.4955691,126.9180827,11200700,94063,17551,1,9.49,4911.0
경춘선,갈매,37.634118,127.114757,31120510,25766,7627,1,14.2,4876.0
경의선,서강대,37.551881,126.935711,11140600,79498,9562,1,4.07,4868.0
수인선,송도,37.428514,126.657772,23040600,31465,3799,1,32.15,4857.0
경춘선,별내,37.64202,127.12684,31130570,21723,22750,1,15.57,4838.0
4호선,동작(현충원),37.502852,126.980347,11200730,11840,6011,2,7.08,4813.0
우이신설선,신설동,37.576048,127.024634,11060810,80257,29171,3,4.24,4778.0
중앙선,용문,37.48223,127.594647,31580400,5653,4881,1,55.18,4766.0
경강선,곤지암,37.351315,127.34674,31250140,5579,21270,1,40.4,4672.0
경원선,서빙고,37.519594,126.988537,11030690,18576,5346,1,5.3,4647.0
2호선,용두(동대문구청),37.574028,127.038091,11060810,71873,29171,1,5.36,4565.0
장항선,탕정,36.78866,127.08485,34040330,27678,29463,1,55.6,4552.0
분당선,보정,37.312752,127.108196,31192590,26653,16089,1,30.47,4536.0
6호선,버티고개,37.548013,127.007055,11020710,51967,4608,1,3.28,4338.0
수인선,남동인더스파크,37.407722,126.695216,23050740,6186,68277,1,30.57,4308.0
9호선,동작(현충원),37.502852,126.980347,11200730,11840,6011,2,7.08,4308.0
공항철도 1호선,공항화물청사,37.459041,126.477516,23010640,0,52021,1,45.73,4245.0
경춘선,가평,37.814536,127.510739,31570110,3628,10375,1,54.39,4240.0
경원선,소요산,37.9481,127.061034,31080580,1475,5809,1,43.06,4239.0
경강선,삼동,37.409522,127.20336,31250580,8855,19061,1,26.46,4226.0
9호선,개화,37.578608,126.798153,11160710,4805,14902,1,15.91,4043.0
경의선,월롱,37.796188,126.792587,31200310,0,34018,1,30.31,4038.0
경춘선,사릉,37.65108,127.176933,31130140,11414,16564,1,19.89,4031.0
안산선,신길온천,37.338212,126.765844,31092770,14131,18686,1,31.55,4029.0
경원선,동두천,37.927878,127.05479,31080580,5232,5809,1,40.75,4011.0
중앙선,양수,37.545981,127.329098,31580330,3657,3708,1,31.03,3955.0
7호선,장암,37.700109,127.053196,31030560,13707,3325,1,16.27,3885.0
경춘선,춘천,37.885054,127.717023,32010570,10164,4114,1,74.02,3761.0
경춘선,청평,37.735488,127.42661,31570320,5700,6290,1,43.74,3661.0
수인선,신포,37.46874,126.623853,23010530,18724,10103,1,33.07,3631.0
우이신설선,보문,37.585274,127.019351,11080610,73092,6604,2,4.2,3631.0
2호선,신답,37.57004,127.046481,11040700,81779,12301,1,6.05,3524.0
경원선,응봉,37.549946,127.034538,11040580,57138,1091,1,5.31,3312.0
경부선,진위,37.109447,127.062278,31070310,2152,25184,1,51.37,3251.0
경원선,보산,37.913702,127.057277,31080550,13677,901,1,39.23,3215.0
경춘선,금곡,37.637382,127.207853,31130530,12287,8500,1,21.73,3199.0
수인선,어천,37.250102,126.90879,31240310,407,2913,1,35.71,3184.0
경춘선,천마산,37.658978,127.285379,31130111,13005,31580,1,28.96,3154.0
경강선,신둔도예촌,37.317185,127.40476,31210310,2184,8107,1,46.78,3016.0
수인선,인천,37.476079,126.616801,23010670,12612,4129,2,33.4,2915.0
경의선,파주,37.815298,126.792783,31200120,536,9422,1,32.11,2806.0
장항선,배방,36.777629,127.052991,34040120,25246,29526,1,55.98,2758.0
2호선,도림천,37.514287,126.882768,11170510,80124,16375,1,10.21,2700.0
경강선,성남,37.39468,127.11945,31023760,59701,22403,1,22.82,2681.0
장항선,봉명,36.801215,127.135763,34011550,38050,7213,1,54.83,2680.0
경원선,연천,38.10073,127.07372,31550110,3934,6528,1,60.0,2663.0
4호선,남태령,37.463873,126.989134,11220630,2068,16718,1,11.45,2600.0
경원선,전곡,38.02458,127.0718,31550120,10133,7764,1,51.6,2592.0
경부선,서동탄,37.195504,127.051672,31140550,24138,15287,1,41.76,2546.0
경부선,직산,36.870593,127.143904,34012130,1904,22720,1,61.7,2150.0
경의선,신촌,37.555131,126.936926,11130750,68811,37317,2,3.83,2116.0
경강선,이매,37.394655,127.127819,31023600,38370,5199,2,23.24,1975.0
중앙선,팔당,37.547371,127.243939,31130110,268,14491,1,23.54,1832.0
경춘선,대성리,37.684071,127.379319,31570320,391,6290,1,37.68,1584.0
중앙선,운길산,37.554669,127.310115,31130350,519,1164,1,29.3,1537.0
수인선,야목,37.264179,126.879483,31240310,1099,2913,1,34.72,1465.0
중앙선,국수,37.516169,127.399367,31580330,1896,3708,1,37.57,1410.0
경의선,곡산,37.645676,126.801762,31103540,11385,9580,1,17.85,1185.0
중앙선,아신,37.51382,127.443173,31580340,747,2183,1,41.43,1134.0
중앙선,양정,37.60533,127.19364,31130540,88,7059,1,19.49,958.0
경춘선,강촌,37.805723,127.634146,32010360,406,4761,1,63.57,952.0
경춘선,김유정,37.818466,127.71434,32010330,0,2232,1,70.59,936.0
경강선,세종대왕릉,37.295309,127.570938,31280390,457,3077,1,60.42,844.0
중앙선,원덕,37.468672,127.547076,31580110,566,14932,1,51.36,709.0
경춘선,상천,37.770246,127.454821,31570320,431,6290,1,47.69,670.0
중앙선,오빈,37.506062,127.473868,31580110,1012,14932,1,44.24,638.0
중앙선,신원,37.525545,127.372921,31580330,0,3708,1,35.11,419.0
경원선,청산,37.98172,127.06912,31550320,0,2065,1,46.86,329.0
경춘선,백양리,37.830779,127.58933,32010360,0,4761,1,61.29,247.0
경춘선,굴봉산,37.832067,127.557695,32010360,0,4761,1,58.93,241.0
수인선,달월,37.379681,126.745177,31150690,6295,5671,1,29.22,172.0
중앙선,지평,37.476393,127.629874,31580390,1274,1619,1,58.36,118.0
경원선,옥수,37.541684,127.017269,11040730,49944,4749,2,4.43,109.0
경의선,임진강,37.888421,126.746765,31200110,370,14667,1,41.17,70.0
경의선,운천,37.879942,126.769999,31200110,0,14667,1,39.36,10.0
3호선,충무로,37.56143,126.994072,11020570,19158,25095,2,1.52,4.0
6호선,연신내,37.619229,126.921038,11120720,91556,4463,2,7.72,3.0
경의선,검암,37.56866,126.675687,23080510,22566,19813,2,26.65,2.0
분당선,복정,37.470047,127.12666,11240820,16152,5786,2,16.94,2.0
일산선,지축,37.648033,126.913917,31101560,31549,3547,2,10.68,1.0
경의선,김포공항,37.5617,126.8041,11160710,25043,14902,5,15.34,1.0
6호선,신내,37.612887,127.103218,11070730,46889,12471,2,12.18,1.0
경의선,계양,37.571449,126.73578,23070630,5727,4479,2,21.36,1.0
광주 도시철도 1호선,공항,35.144104,126.811713,24050513,10163,1260,1,4.02,
광주 도시철도 1호선,광주송정,35.137707,126.79011,24050512,21618,7585,1,6.1,
광주 도시철도 1호선,금남로4가,35.150706,126.914581,24010510,24705,25006,1,5.84,
광주 도시철도 1호선,금남로5가,35.153708,126.910071,24010510,18611,25006,1,5.38,
광주 도시철도 1호선,김대중컨벤션센터,35.143198,126.841324,24020640,14632,22441,1,2.08,
광주 도시철도 1호선,남광주,35.139442,126.922772,24010680,26379,8435,1,6.88,
광주 도시철도 1호선,녹동,35.106824,126.93399,24010730,2625,3458,1,9.56,
광주 도시철도 1호선,농성,35.153215,126.884043,24020550,39522,3904,1,3.06,
광주 도시철도 1호선,도산,35.131378,126.787266,24050540,19698,2591,1,6.64,
광주 도시철도 1호선,돌고개,35.151715,126.895565,24030570,31867,2471,1,4.12,
광주 도시철도 1호선,문화전당,35.146678,126.919814,24010640,19370,13333,1,6.39,
광주 도시철도 1호선,상무,35.146731,126.848655,24020640,31072,22441,1,1.5,
광주 도시철도 1호선,소태,35.123609,126.932226,24010720,22048,2171,1,8.39,
광주 도시철도 1호선,송정공원,35.143571,126.799536,24050513,22100,1260,1,5.06,
광주 도시철도 1호선,쌍촌,35.15149,126.869571,24020590,49320,11457,1,1.9,
광주 도시철도 1호선,양동시장,35.154513,126.901769,24020510,20147,3807,1,4.62,
광주 도시철도 1호선,운천,35.150401,126.858698,24020590,35687,11457,1,1.26,
광주 도시철도 1호선,평동,35.124809,126.769597,24050660,1454,19782,1,8.4,
광주 도시철도 1호선,학동·증심사입구,35.13311,126.928166,24010680,28178,8435,1,7.59,
광주 도시철도 1호선,화정,35.151903,126.876766,24020610,45486,4309,1,2.48,
대구 도시철도 1호선,각산,35.867882,128.723905,22020760,33512,4818,1,11.05,
대구 도시철도 1호선,교대,35.850405,128.590548,22040570,34619,4655,1,2.53,
대구 도시철도 1호선,대곡,35.809426,128.512459,22070780,50143,13939,1,10.57,
대구 도시철도 1호선,대구,35.876001,128.596055,22050520,35077,9146,1,0.7,
대구 도시철도 1호선,대구한의대병원,35.871637,128.751033,22020780,6995,12346,1,13.48,
대구 도시철도 1호선,대명,35.839268,128.565021,22040650,39990,5859,1,4.85,
대구 도시철도 1호선,동구청,35.884406,128.632217,22020540,46661,5083,1,3.13,
대구 도시철도 1호선,동대구,35.877432,128.627524,22020590,45797,11688,1,2.45,
대구 도시철도 1호선,동촌,35.886015,128.650392,22020660,24224,4380,1,4.7,
대구 도시철도 1호선,명덕,35.856938,128.590006,22010640,45329,3687,2,1.91,
대구 도시철도 1호선,반야월,35.865956,128.713616,22020760,19817,4818,1,10.13,
대구 도시철도 1호선,반월당,35.865511,128.59341,22010560,30170,16739,2,0.97,
대구 도시철도 1호선,방촌,35.879814,128.669662,22020690,29095,5032,1,6.22,
대구 도시철도 1호선,부호,35.900191,128.803121,37100110,1609,12398,1,18.45,
대구 도시철도 1호선,상인,35.818954,128.53784,22070650,70938,7999,1,8.17,
대구 도시철도 1호선,서부정류장,35.836946,128.557103,22070700,44612,5607,1,5.53,
대구 도시철도 1호선,설화명곡,35.798704,128.489321,22510110,20205,14367,1,12.94,
대구 도시철도 1호선,송현,35.831277,128.551923,22070700,47944,5607,1,6.31,
대구 도시철도 1호선,신기,35.866739,128.701643,22020730,36122,8907,1,9.05,
대구 도시철도 1호선,신천,35.874622,128.617565,22020560,58914,2952,1,1.5,
대구 도시철도 1호선,아양교,35.88721,128.639904,22020550,40200,2895,1,3.89,
대구 도시철도 1호선,안심,35.871188,128.733676,22020760,29881,4818,1,11.92,
대구 도시철도 1호선,안지랑,35.839202,128.573822,22040640,47393,5198,1,4.36,
대구 도시철도 1호선,영대병원,35.844414,128.588625,22040600,37373,6715,1,3.21,
대구 도시철도 1호선,용계,35.876283,128.681413,22020740,14068,8203,1,7.23,
대구 도시철도 1호선,월배,35.816159,128.530419,22070780,78800,13939,1,8.87,
대구 도시철도 1호선,월촌,35.824027,128.545827,22070690,46772,5167,1,7.27,
대구 도시철도 1호선,율하,35.869704,128.692818,22020730,31206,8907,1,8.24,
대구 도시철도 1호선,중앙로,35.870745,128.594037,22010560,27256,16739,1,0.67,
대구 도시철도 1호선,진천,35.813815,128.522685,22070780,75188,13939,1,9.56,
대구 도시철도 1호선,칠성시장,35.876097,128.605074,22050520,43925,9146,1,0.62,
대구 도시철도 1호선,하양,35.909587,128.81844,37100110,18010,12398,1,20.01,
대구 도시철도 1호선,해안,35.883579,128.658882,22020690,25250,5032,1,5.35,
대구 도시철도 1호선,현충로,35.840842,128.581297,22040640,37155,5198,1,3.85,
대구 도시철도 1호선,화원,35.804295,128.500382,22510110,34150,14367,1,11.77,
대구 도시철도 2호선,감삼,35.854366,128.548265,22070550,42251,4886,1,5.15,
대구 도시철도 2호선,강창,35.853118,128.478147,22070610,21303,34915,1,11.29,
대구 도시철도 2호선,경대병원,35.863088,128.60307,22010680,39254,6943,1,0.94,
대구 도시철도 2호선,계명대,35.851526,128.491979,22070610,26211,34915,1,10.11,
대구 도시철도 2호선,고산,35.842956,128.693354,22060720,23310,11678,1,8.87,
대구 도시철도 2호선,내당,35.860131,128.564629,22030510,47370,4327,1,3.54,
대구 도시철도 2호선,다사,35.86533,128.457917,22510130,30740,23974,1,12.95,
대구 도시철도 2호선,담티,35.854677,128.654223,22060570,22032,4463,1,5.11,
대구 도시철도 2호선,대구은행,35.859774,128.614127,22060600,60874,3873,1,1.73,
대구 도시철도 2호선,대실,35.857286,128.465663,22510130,40084,23974,1,12.33,
대구 도시철도 2호선,두류,35.857214,128.555682,22030530,44574,5036,1,4.41,
대구 도시철도 2호선,만촌,35.85889,128.645125,22060560,34505,4506,1,4.18,
대구 도시철도 2호선,문양,35.864339,128.437125,22510130,1128,23974,1,14.82,
대구 도시철도 2호선,반고개,35.862452,128.573658,22070760,62038,7371,1,2.69,
대구 도시철도 2호선,반월당,35.865511,128.59341,22010560,30170,16739,2,0.97,
대구 도시철도 2호선,범어,35.859053,128.626516,22060530,57468,8876,1,2.65,
대구 도시철도 2호선,사월,35.836859,128.716075,22060730,53209,5518,1,11.03,
대구 도시철도 2호선,성서산업단지,35.851718,128.507204,22070740,47168,13670,1,8.77,
대구 도시철도 2호선,수성구청,35.858851,128.635794,22060520,46279,12716,1,3.4,
대구 도시철도 2호선,수성알파시티,35.84263,128.680265,22060720,483,11678,1,7.79,
대구 도시철도 2호선,신매,35.840845,128.704979,22060710,59361,6384,1,9.93,
대구 도시철도 2호선,연호,35.846422,128.672063,22060720,0,11678,1,6.95,
대구 도시철도 2호선,영남대,35.83659,128.75353,37100550,20666,9708,1,14.25,
대구 도시철도 2호선,용산,35.84907,128.528881,22070720,61305,7582,1,6.99,
대구 도시철도 2호선,이곡,35.850611,128.515789,22070600,45335,7958,1,8.05,
대구 도시철도 2호선,임당,35.834122,128.741033,37100560,15456,4212,1,13.25,
대구 도시철도 2호선,정평,35.834074,128.728335,37100570,52047,6944,1,12.17,
대구 도시철도 2호선,죽전,35.850473,128.53821,22070570,66977,7694,1,6.15,
대구 도시철도 2호선,청라언덕,35.864216,128.582336,22010670,52128,3757,2,1.89,
대구 도시철도 3호선,건들바위,35.855404,128.599596,22040510,41577,4787,1,1.79,
대구 도시철도 3호선,공단,35.891982,128.553625,22030590,7836,11699,1,4.87,
대구 도시철도 3호선,구암,35.925698,128.550314,22050740,44918,5827,1,7.59,
대구 도시철도 3호선,남산,35.856695,128.583413,22010660,51184,1725,1,2.3,
대구 도시철도 3호선,달성공원,35.875677,128.582094,22010610,36637,3780,1,1.8,
대구 도시철도 3호선,대봉교,35.854989,128.606333,22040510,46794,4787,1,1.88,
대구 도시철도 3호선,동천,35.937683,128.556657,22050820,68646,8262,1,8.4,
대구 도시철도 3호선,만평,35.889855,128.56104,22050810,22254,23419,1,4.18,
대구 도시철도 3호선,매천,35.912674,128.543456,22050740,30352,5827,1,6.95,
대구 도시철도 3호선,매천시장,35.904335,128.545693,22050750,20413,9483,1,6.21,
대구 도시철도 3호선,명덕,35.856938,128.590006,22010640,45329,3687,2,1.91,
대구 도시철도 3호선,범물,35.820866,128.640127,22060690,50201,2762,1,6.62,
대구 도시철도 3호선,북구청,35.883813,128.581437,22030680,51406,2975,1,2.27,
대구 도시철도 3호선,서문시장,35.869674,128.582243,22010590,43545,17140,1,1.74,
대구 도시철도 3호선,수성구민운동장,35.852363,128.625173,22060510,47682,8671,1,3.01,
대구 도시철도 3호선,수성못,35.831332,128.623195,22060660,28894,9076,1,4.87,
대구 도시철도 3호선,수성시장,35.854344,128.615922,22060590,60259,6553,1,2.3,
대구 도시철도 3호선,어린이세상,35.845128,128.624416,22060620,38943,6932,1,3.58,
대구 도시철도 3호선,용지,35.818232,128.646413,22060690,31389,2762,1,7.17,
대구 도시철도 3호선,원대,35.887853,128.574333,22030680,39093,2975,1,3.05,
대구 도시철도 3호선,지산,35.825187,128.631903,22060670,39490,8683,1,5.83,
대구 도시철도 3호선,청라언덕,35.864216,128.582336,22010670,52128,3757,2,1.89,
대구 도시철도 3호선,칠곡경대병원,35.958384,128.559879,22050830,6264,10107,1,10.37,
대구 도시철도 3호선,칠곡운암,35.931419,128.554492,22050790,56368,6535,1,7.9,
대구 도시철도 3호선,태전,35.919672,128.547392,22050740,36212,5827,1,7.24,
대구 도시철도 3호선,팔거,35.944033,128.558336,22050820,55132,8262,1,8.96,
대구 도시철도 3호선,팔달,35.897872,128.546697,22050750,11599,9483,1,5.74,
대구 도시철도 3호선,팔달시장,35.888855,128.567864,22050810,35020,23419,1,3.59,
대구 도시철도 3호선,학정,35.951542,128.559176,22050830,25517,10107,1,9.69,
대구 도시철도 3호선,황금,35.839094,128.623898,22060660,41016,9076,1,4.12,
대전 도시철도 1호선,갈마,36.357661,127.372793,25030640,61285,5636,1,1.32,
대전 도시철도 1호선,갑천,36.354546,127.354556,25030660,28029,7765,1,2.72,
대전 도시철도 1호선,구암,36.35663,127.330727,25040640,28243,20497,1,4.87,
대전 도시철도 1호선,노은,36.374112,127.317907,25040590,30030,12626,1,6.52,
대전 도시철도 1호선,대동,36.329409,127.442908,25010780,38080,3047,1,5.73,
대전 도시철도 1호선,대전역,36.331352,127.433365,25010760,25886,11277,1,4.86,
대전 도시철도 1호선,반석,36.391941,127.314817,25040670,27534,7773,1,7.76,
대전 도시철도 1호선,서대전네거리,36.322385,127.412514,25020620,44418,9555,1,4.0,
대전 도시철도 1호선,시청,36.351444,127.386593,25030590,50357,15281,1,0.22,
대전 도시철도 1호선,신흥,36.319584,127.448965,25010560,41387,1162,1,6.71,
대전 도시철도 1호선,오룡,36.328396,127.405062,25020620,53061,9555,1,3.06,
대전 도시철도 1호선,용문,36.338204,127.393258,25030560,50441,4456,1,1.57,
대전 도시철도 1호선,월드컵경기장,36.366828,127.317902,25040590,21292,12626,1,6.24,
대전 도시철도 1호선,월평,36.358339,127.364458,25030660,51430,7765,1,2.0,
대전 도시철도 1호선,유성온천,36.353704,127.341649,25040640,45637,20497,1,3.86,
대전 도시철도 1호선,정부청사,36.357606,127.381616,25030600,39140,44597,1,0.84,
대전 도시철도 1호선,중구청,36.324779,127.419578,25020550,39520,12818,1,4.24,
대전 도시철도 1호선,중앙로,36.328589,127.425918,25020550,25930,12818,1,4.43,
대전 도시철도 1호선,지족,36.384111,127.319538,25040660,28115,8202,1,6.92,
대전 도시철도 1호선,탄방,36.345948,127.384673,25030570,58875,22661,1,0.5,
대전 도시철도 1호선,판암,36.316995,127.458707,25010550,29769,2956,1,7.61,
대전 도시철도 1호선,현충원,36.35941,127.321488,25040640,7265,20497,1,5.73,
부산 도시철도 1호선,괴정,35.099931,128.992862,21100510,48472,4257,1,11.62,
부산 도시철도 1호선,교대,35.195218,129.080032,21130510,60475,20233,1,1.78,
부산 도시철도 1호선,구서,35.247227,129.091268,21110690,51217,12200,1,7.65,
부산 도시철도 1호선,남산,35.265426,129.092566,21110680,37122,12810,1,9.67,
부산 도시철도 1호선,남포,35.097924,129.034947,21010580,14404,5895,1,9.81,
부산 도시철도 1호선,낫개,35.065298,128.979733,21100630,33778,4387,1,15.41,
부산 도시철도 1호선,노포,35.283972,129.095115,21110670,2648,4686,1,11.74,
부산 도시철도 1호선,다대포항,35.057758,128.971328,21100620,41675,12842,1,16.54,
부산 도시철도 1호선,다대포해수욕장,35.048195,128.966019,21100620,24591,12842,1,17.69,
부산 도시철도 1호선,당리,35.103475,128.973826,21100550,45621,7557,1,12.54,
부산 도시철도 1호선,대티,35.103154,128.999941,21100520,32973,2158,1,10.94,
부산 도시철도 1호선,동대신,35.110345,129.017761,21020520,58306,1592,1,9.33,
부산 도시철도 1호선,동래,35.205676,129.078485,21060560,68260,7658,2,2.91,
부산 도시철도 1호선,동매,35.08977,128.973268,21100580,23418,11398,1,13.65,
부산 도시철도 1호선,두실,35.25703,129.091393,21110700,42122,7113,1,8.73,
부산 도시철도 1호선,명륜,35.212646,129.079721,21060650,65532,9976,1,3.69,
부산 도시철도 1호선,범내골,35.147401,129.059202,21050770,55249,18006,1,3.88,
부산 도시철도 1호선,범어사,35.273102,129.092668,21110670,27909,4686,1,10.51,
부산 도시철도 1호선,범일,35.140947,129.059365,21030660,57581,20533,1,4.54,
부산 도시철도 1호선,부산대,35.229638,129.089361,21110740,62683,13894,1,5.7,
부산 도시철도 1호선,부산역,35.115726,129.039903,21030520,38341,2790,1,7.81,
부산 도시철도 1호선,부산진,35.129028,129.049221,21030570,41089,6383,1,6.11,
부산 도시철도 1호선,부전,35.1626,129.062941,21050820,52182,22486,1,2.21,
부산 도시철도 1호선,사하,35.09984,128.983094,21100540,51222,2293,1,12.22,
부산 도시철도 1호선,서대신,35.110861,129.012041,21020540,49865,3046,1,9.58,
부산 도시철도 1호선,서면,35.157774,129.059259,21050820,61056,22486,2,2.85,
부산 도시철도 1호선,시청,35.179751,129.076521,21130560,76281,7741,1,0.09,
부산 도시철도 1호선,신장림,35.07455,128.976809,21100610,30029,9454,1,14.74,
부산 도시철도 1호선,신평,35.095215,128.960681,21100590,29883,10392,1,14.04,
부산 도시철도 1호선,양정,35.173158,129.0713,21050570,60848,9385,1,0.82,
부산 도시철도 1호선,연산,35.186155,129.081509,21130590,73854,20578,2,0.91,
부산 도시철도 1호선,온천장,35.220244,129.086427,21060550,74818,9428,1,4.63,
부산 도시철도 1호선,자갈치,35.097346,129.026768,21010580,41263,5895,1,10.17,
부산 도시철도 1호선,장림,35.081865,128.977383,21100610,33141,9454,1,14.07,
부산 도시철도 1호선,장전,35.238212,129.088098,21110610,59363,4313,1,6.62,
부산 도시철도 1호선,좌천,35.134336,129.05435,21030700,39837,2983,1,5.39,
부산 도시철도 1호선,중앙,35.103843,129.036327,21010510,24534,40221,1,9.15,
부산 도시철도 1호선,초량,35.121202,129.04297,21030530,37118,23360,1,7.14,
부산 도시철도 1호선,토성,35.100764,129.019844,21020640,52003,6078,1,10.13,
부산 도시철도 1호선,하단,35.106235,128.966761,21100570,49645,11123,1,12.83,
부산 도시철도 2호선,가야,35.155829,129.04279,21050810,45085,7596,1,3.99,
부산 도시철도 2호선,감전,35.155688,128.990871,21150650,27955,27246,1,8.15,
부산 도시철도 2호선,개금,35.153254,129.02046,21050740,72728,6155,1,5.81,
부산 도시철도 2호선,경성대·부경대,35.137539,129.100524,21070530,63123,17268,1,5.2,
부산 도시철도 2호선,광안,35.157914,129.113118,21140590,65706,3609,1,4.18,
부산 도시철도 2호선,구남,35.196824,128.994948,21080520,37892,7290,1,7.58,
부산 도시철도 2호선,구명,35.202796,128.999518,21080520,41440,7290,1,7.38,
부산 도시철도 2호선,국제금융센터·부산은행,35.145719,129.066693,21070670,59796,9207,1,3.85,
부산 도시철도 2호선,금곡,35.267383,129.016889,21080540,12947,6799,1,11.12,
부산 도시철도 2호선,금련산,35.149743,129.110985,21140510,42342,11869,1,4.62,
부산 도시철도 2호선,남양산,35.325404,129.019364,38100120,40020,33264,1,17.0,
부산 도시철도 2호선,남천,35.142121,129.107857,21140510,47509,11869,1,5.1,
부산 도시철도 2호선,냉정,35.151267,129.012417,21150610,61964,8110,1,6.55,
부산 도시철도 2호선,대연,35.135132,129.092166,21070700,58828,6423,1,5.17,
부산 도시철도 2호선,덕천,35.210037,129.005332,21080570,39754,10011,2,7.23,
부산 도시철도 2호선,덕포,35.173867,128.983974,21150560,40456,8453,1,8.35,
부산 도시철도 2호선,동백,35.161249,129.148093,21090750,45968,8159,1,6.9,
부산 도시철도 2호선,동원,35.258615,129.012433,21080540,19657,6799,1,10.49,
부산 도시철도 2호선,동의대,35.153965,129.032142,21050720,61760,4965,1,4.87,
부산 도시철도 2호선,모덕,35.180369,128.985563,21150560,27226,8453,1,8.18,
부산 도시철도 2호선,모라,35.189303,128.988423,21150520,36894,12643,1,8.0,
부산 도시철도 2호선,못골,35.13474,129.084777,21070700,55025,6423,1,5.06,
부산 도시철도 2호선,문현,35.139136,129.067309,21070680,50087,2587,1,4.56,
부산 도시철도 2호선,민락,35.167395,129.121719,21140600,49009,9217,1,4.41,
부산 도시철도 2호선,벡스코,35.168889,129.138751,21090740,32688,34643,1,5.86,
부산 도시철도 2호선,부산대양산캠퍼스,35.316921,129.01394,38100120,24646,33264,1,16.26,
부산 도시철도 2호선,부암,35.157421,129.050502,21050840,52040,4710,1,3.36,
부산 도시철도 2호선,사상,35.162279,128.985939,21150570,43132,17501,2,8.37,
부산 도시철도 2호선,서면,35.157774,129.059259,21050820,61056,22486,2,2.85,
부산 도시철도 2호선,센텀시티,35.168592,129.131217,21090740,33073,34643,1,5.2,
부산 도시철도 2호선,수영,35.165414,129.114705,21140580,69982,6857,2,3.89,
부산 도시철도 2호선,수정,35.223299,129.00919,21080550,42622,4040,1,7.75,
부산 도시철도 2호선,양산,35.338743,129.026402,38100590,39463,7770,1,18.25,
부산 도시철도 2호선,율리,35.246472,129.012864,21080620,34185,2896,1,9.37,
부산 도시철도 2호선,장산,35.169475,129.175858,21090660,83468,7141,1,9.18,
부산 도시철도 2호선,전포,35.152817,129.065343,21050830,51878,12643,1,3.12,
부산 도시철도 2호선,주례,35.150485,129.00314,21150620,44635,3774,1,7.34,
부산 도시철도 2호선,중동,35.166676,129.167807,21090530,56599,14186,1,8.5,
부산 도시철도 2호선,증산,35.308322,129.010233,38100120,18341,33264,1,15.5,
부산 도시철도 2호선,지게골,35.13565,129.074217,21070690,49764,5238,1,4.89,
부산 도시철도 2호선,해운대,35.163753,129.158747,21090730,35893,11380,1,7.76,
부산 도시철도 2호선,호포,35.281122,129.017439,38100310,0,12172,1,12.46,
부산 도시철도 2호선,화명,35.235253,129.013779,21080620,59536,2896,1,8.36,
부산 도시철도 3호선,강서구청,35.211226,128.981953,21120510,1929,15457,1,9.21,
부산 도시철도 3호선,거제,35.188868,129.07399,21130530,65331,6185,1,1.04,
부산 도시철도 3호선,구포,35.206694,128.996352,21080510,25334,5210,1,7.81,
부산 도시철도 3호선,남산정,35.213346,129.023963,21080560,44993,4460,1,6.01,
부산 도시철도 3호선,대저,35.213336,128.961087,21120510,1399,15457,2,11.06,
부산 도시철도 3호선,덕천,35.210037,129.005332,21080570,39754,10011,2,7.23,
부산 도시철도 3호선,만덕,35.213008,129.036489,21080590,51623,2599,1,5.14,
부산 도시철도 3호선,망미,35.171753,129.107523,21140540,58887,5909,1,3.03,
부산 도시철도 3호선,물만골,35.17664,129.085839,21130600,63993,3496,1,0.99,
부산 도시철도 3호선,미남,35.206533,129.068747,21060570,71444,10367,2,3.06,
부산 도시철도 3호선,배산,35.173473,129.095751,21130570,44785,1426,1,1.95,
부산 도시철도 3호선,사직,35.199057,129.0651,21060600,80669,5067,1,2.36,
부산 도시철도 3호선,수영,35.165414,129.114705,21140580,69982,6857,2,3.89,
부산 도시철도 3호선,숙등,35.211998,129.012753,21080560,40548,4460,1,6.75,
부산 도시철도 3호선,연산,35.186155,129.081509,21130590,73854,20578,2,0.91,
부산 도시철도 3호선,종합운동장,35.190888,129.067571,21130520,47739,6217,1,1.45,
부산 도시철도 3호선,체육공원,35.212486,128.969379,21120510,945,15457,1,10.32,
부산 도시철도 4호선,고촌,35.236093,129.1605,21510330,22216,4109,1,9.95,
부산 도시철도 4호선,금사,35.215756,129.115314,21110730,18834,14766,1,5.4,
부산 도시철도 4호선,낙민,35.200147,129.09082,21060510,59814,15300,1,2.67,
부산 도시철도 4호선,동래,35.204651,129.07736,21060570,67041,10367,2,2.79,
부산 도시철도 4호선,명장,35.20537,129.101767,21060640,45043,3113,1,3.72,
부산 도시철도 4호선,미남,35.206533,129.068747,21060570,71444,10367,2,3.06,
부산 도시철도 4호선,반여농산물시장,35.217752,129.123964,21090700,6896,10958,1,6.11,
부산 도시철도 4호선,서동,35.213053,129.10751,21110520,37151,2597,1,4.72,
부산 도시철도 4호선,석대,35.218119,129.136848,21090720,1320,7010,1,7.02,
부산 도시철도 4호선,수안,35.201804,129.083916,21060510,55997,15300,1,2.58,
부산 도시철도 4호선,안평,35.237417,129.171725,21510330,4334,4109,1,10.84,
부산 도시철도 4호선,영산대,35.225622,129.146116,21090720,15725,7010,1,8.2,
부산 도시철도 4호선,윗반송,35.23247,129.153873,21090620,26405,4251,1,9.23,
부산 도시철도 4호선,충렬사,35.199716,129.097652,21060610,62298,8622,1,3.0,
부산김해경전철,가야대,35.26683,128.864949,38070550,48936,16469,1,21.45,
부산김해경전철,공항,35.171868,128.948598,21120520,2815,22139,1,11.58,
부산김해경전철,괘법르네시떼,35.163282,128.977588,21150570,33371,17501,1,9.09,
부산김해경전철,김해대학,35.228997,128.915547,38070590,9761,12989,1,15.54,
부산김해경전철,김해시청,35.227082,128.890375,38070530,23850,10541,1,17.64,
부산김해경전철,대사,35.217775,128.938385,21120530,2372,5292,1,13.17,
부산김해경전철,대저,35.213336,128.961087,21120510,1399,15457,2,11.06,
부산김해경전철,덕두,35.181953,128.95406,21120520,1046,22139,1,11.05,
부산김해경전철,등구,35.196159,128.9635,21120520,1203,22139,1,10.35,
부산김해경전철,박물관,35.240004,128.871819,38070540,42122,21480,1,19.69,
부산김해경전철,봉황,35.227204,128.87428,38070560,26996,12693,1,19.04,
부산김해경전철,부원,35.226464,128.883883,38070530,20637,10541,1,18.18,
부산김해경전철,불암,35.222175,128.927848,38070600,2993,4602,1,14.24,
부산김해경전철,사상,35.162279,128.985939,21150570,43132,17501,2,8.37,
부산김해경전철,서부산유통지구,35.166391,128.954937,21120520,1046,22139,1,11.07,
부산김해경전철,수로왕릉,35.232843,128.872099,38070540,44835,21480,1,19.41,
부산김해경전철,연지공원,35.24967,128.869214,38070550,36275,16469,1,20.3,
부산김해경전철,인제대,35.228074,128.901774,38070580,19484,15720,1,16.69,
부산김해경전철,장신대,35.259389,128.867249,38070550,42537,16469,1,20.9,
부산김해경전철,지내,35.227514,128.923787,38070600,7464,4602,1,14.79,
부산김해경전철,평강,35.214022,128.950638,21120510,1359,15457,1,11.98,
