line_name,station_name,day_total,peak_hour,peak_volume,peak_ratio,peak_imbalance
2호선,잠실(송파구청),14498739.0,18,1466026.0,0.1011,0.0373
1호선,서울역,14201426.0,18,1428818.0,0.1006,0.1211
2호선,강남,14147882.0,18,1542025.0,0.109,0.3142
2호선,홍대입구,14120862.0,18,1331448.0,0.0943,0.0479
2호선,성수,10944197.0,18,1227890.0,0.1122,0.5148
2호선,신림,9872900.0,8,948418.0,0.0961,0.7195
2호선,구로디지털단지,9816846.0,8,1226753.0,0.125,0.0827
2호선,을지로입구,9588287.0,18,1112272.0,0.116,0.542
경부선,용산,9385368.0,18,883954.0,0.0942,0.222
3호선,고속터미널,9328643.0,17,838741.0,0.0899,0.1394
2호선,삼성(무역센터),9312504.0,18,1067743.0,0.1147,0.6992
2호선,선릉,9083330.0,18,1082146.0,0.1191,0.6645
2호선,역삼,8714826.0,8,1152399.0,0.1322,0.8633
2호선,신도림,8435253.0,18,841952.0,0.0998,0.1714
2호선,서울대입구(관악구청),8114722.0,18,799206.0,0.0985,0.3052
경부선,영등포,7894445.0,18,826518.0,0.1047,0.2202
2호선,사당,7849867.0,18,863774.0,0.11,0.2813
경부선,수원,7481661.0,18,684517.0,0.0915,0.1097
4호선,명동,7338924.0,18,690298.0,0.0941,0.2957
7호선,가산디지털단지,7083553.0,8,1250893.0,0.1766,0.8509
1호선,종각,6954739.0,8,857235.0,0.1233,0.923
2호선,신촌,6924262.0,18,628803.0,0.0908,0.053
2호선,건대입구,6895896.0,18,706380.0,0.1024,0.2378
4호선,혜화,6800108.0,18,614424.0,0.0904,0.1581
3호선,연신내,6515616.0,18,593834.0,0.0911,0.3875
3호선,양재(서초구청),6461155.0,8,813551.0,0.1259,0.655
5호선,광화문(세종문화회관),6145189.0,8,876371.0,0.1426,0.9129
4호선,수유(강북구청),6058719.0,18,561220.0,0.0926,0.3201
2호선,합정,5995494.0,18,663473.0,0.1107,0.0004
9호선,신논현,5756527.0,18,617468.0,0.1073,0.0626
경인선,부천,5673439.0,18,483805.0,0.0853,0.304
3호선,압구정,5660009.0,18,571087.0,0.1009,0.3857
2호선,교대(법원.검찰청),5647952.0,18,612807.0,0.1085,0.328
4호선,충무로,5568401.0,18,651624.0,0.117,0.4828
3호선,남부터미널(예술의전당),5509321.0,8,615904.0,0.1118,0.5518
경인선,부평,5494433.0,18,509316.0,0.0927,0.3316
9호선,여의도,5275713.0,17,632672.0,0.1199,0.6843
4호선,회현(남대문시장),5194866.0,8,493096.0,0.0949,0.8828
2호선,구의(광진구청),5139241.0,8,555435.0,0.1081,0.3804
5호선,여의도,5117444.0,8,710903.0,0.1389,0.8745
과천선,범계,5029307.0,18,516144.0,0.1026,0.2964
경부선,금정,4996069.0,8,541752.0,0.1084,0.0165
4호선,쌍문,4949998.0,8,464783.0,0.0939,0.603
2호선,낙성대(강감찬),4936560.0,8,509035.0,0.1031,0.4928
5호선,화곡,4863577.0,8,537462.0,0.1105,0.6145
2호선,강변(동서울터미널),4790830.0,18,441237.0,0.0921,0.2392
1호선,시청,4785685.0,8,662718.0,0.1385,0.9022
9호선,노량진,4785564.0,8,474515.0,0.0992,0.2157
5호선,까치산,4784416.0,8,499990.0,0.1045,0.7479
3호선,안국,4767636.0,17,459816.0,0.0964,0.5888
4호선,창동,4716721.0,18,418618.0,0.0888,0.2437
3호선,신사,4695089.0,18,532366.0,0.1134,0.3553
2호선,을지로3가,4657140.0,18,567049.0,0.1218,0.4697
과천선,인덕원,4632393.0,8,547320.0,0.1182,0.2189
4호선,미아사거리,4610358.0,18,414272.0,0.0899,0.3957
2호선,시청,4591953.0,8,709295.0,0.1545,0.9188
3호선,경복궁(정부서울청사),4568891.0,8,478983.0,0.1048,0.7219
분당선,야탑,4551403.0,8,460048.0,0.1011,0.2282
2호선,뚝섬,4540794.0,18,559807.0,0.1233,0.4563
중앙선,회기,4511300.0,8,393828.0,0.0873,0.1899
9호선2~3단계,봉은사,4371483.0,18,465657.0,0.1065,0.605
경인선,역곡,4370821.0,18,419788.0,0.096,0.5449
2호선,대림(구로구청),4361867.0,8,450428.0,0.1033,0.2982
경인선,송내,4351701.0,18,467056.0,0.1073,0.1283
4호선,신용산,4351220.0,18,500644.0,0.1151,0.2597
4호선,사당,4335249.0,18,434975.0,0.1003,0.3207
2호선,신대방,4306938.0,8,460279.0,0.1069,0.6898
1호선,종로3가,4276466.0,18,376492.0,0.088,0.3984
5호선,발산,4250689.0,8,488799.0,0.115,0.5817
2호선,잠실새내,4244865.0,18,400900.0,0.0944,0.333
분당선,서현,4243318.0,18,427382.0,0.1007,0.1504
1호선,청량리(서울시립대입구),4233014.0,18,332432.0,0.0785,0.151
1호선,종로5가,4202217.0,17,370375.0,0.0881,0.4285
2호선,봉천,4198820.0,8,442784.0,0.1055,0.6385
2호선,영등포구청,4029828.0,8,540136.0,0.134,0.4309
2호선,문래,4010841.0,8,553543.0,0.138,0.4625
4호선,노원,3998138.0,18,376875.0,0.0943,0.3861
7호선,광명사거리,3994845.0,18,366247.0,0.0917,0.4299
경인선,개봉,3991578.0,18,387954.0,0.0972,0.526
8호선,잠실(송파구청),3977359.0,18,407197.0,0.1024,0.2163
4호선,성신여대입구(돈암),3966161.0,18,361721.0,0.0912,0.1827
7호선,철산,3958178.0,18,405130.0,0.1024,0.4594
3호선,구파발,3955977.0,18,338789.0,0.0856,0.4036
8호선,문정,3920153.0,8,656845.0,0.1676,0.6851
경부선,안양,3901959.0,18,362260.0,0.0928,0.4327
5호선,오목교(목동운동장앞),3867121.0,18,412276.0,0.1066,0.1232
7호선,학동,3834322.0,8,556747.0,0.1452,0.8625
9호선,가양,3791200.0,8,409982.0,0.1081,0.1721
2호선,서초,3786751.0,8,444917.0,0.1175,0.6057
5호선,천호(풍납토성),3785329.0,18,366882.0,0.0969,0.0597
7호선,노원,3779439.0,18,338405.0,0.0895,0.1452
4호선,동대문역사문화공원(DDP),3710081.0,18,355662.0,0.0959,0.4457
4호선,길음,3665782.0,8,353919.0,0.0965,0.5185
4호선,동대문,3594837.0,17,322030.0,0.0896,0.5744
분당선,모란,3591782.0,18,306322.0,0.0853,0.228
9호선,고속터미널,3557775.0,18,313799.0,0.0882,0.2088
4호선,총신대입구(이수),3554634.0,18,364603.0,0.1026,0.2742
8호선,천호(풍납토성),3525240.0,18,359902.0,0.1021,0.2786
경원선,의정부,3502837.0,18,294285.0,0.084,0.1337
5호선,장한평,3467380.0,8,446585.0,0.1288,0.0767
2호선,당산,3461117.0,8,408358.0,0.118,0.1233
분당선,압구정로데오,3443664.0,18,370825.0,0.1077,0.3865
9호선,당산,3425520.0,18,362893.0,0.1059,0.1519
일산선,삼송,3365065.0,8,323019.0,0.096,0.4646
경원선,청량리(서울시립대입구),3349263.0,18,274999.0,0.0821,0.2097
분당선,정자,3334523.0,8,375884.0,0.1127,0.5062
4호선,상계,3325120.0,7,302090.0,0.0909,0.6442
안산선,중앙,3307227.0,18,310235.0,0.0938,0.2693
7호선,논현,3295350.0,18,398989.0,0.1211,0.4912
3호선,수서,3293722.0,18,310376.0,0.0942,0.0036
6호선,공덕,3287620.0,8,392449.0,0.1194,0.4953
7호선,청담,3285015.0,8,448337.0,0.1365,0.7738
분당선,수서,3262644.0,18,331322.0,0.1016,0.2546
5호선,미사,3258371.0,18,306535.0,0.0941,0.3533
5호선,강동,3253005.0,8,363765.0,0.1118,0.1733
2호선,종합운동장,3219790.0,17,427871.0,0.1329,0.6025
4호선,서울역,3218948.0,18,344670.0,0.1071,0.2131
7호선,상봉,3207476.0,8,317536.0,0.099,0.4453
9호선,염창,3141096.0,8,321475.0,0.1023,0.632
5호선,서대문,3125882.0,8,533102.0,0.1705,0.729
2호선,동대문역사문화공원(DDP),3117538.0,18,271003.0,0.0869,0.1093
3호선,홍제,3116436.0,8,291050.0,0.0934,0.4864
6호선,응암,3109380.0,8,317274.0,0.102,0.6451
경원선,왕십리(성동구청),3104298.0,18,316206.0,0.1019,0.3026
일산선,화정,3086434.0,8,262401.0,0.085,0.1903
공항철도 1호선,홍대입구,3059321.0,18,276191.0,0.0903,0.0945
6호선,망원,3043066.0,18,287455.0,0.0945,0.0982
7호선,이수,3023603.0,18,324306.0,0.1073,0.1191
안산선,산본,3018386.0,18,292043.0,0.0968,0.3822
경인선,주안,3010063.0,18,259733.0,0.0863,0.2437
3호선,불광,3003782.0,8,278383.0,0.0927,0.3042
7호선,고속터미널,2992247.0,17,261433.0,0.0874,0.4321
과천선,평촌,2990897.0,8,397510.0,0.1329,0.2372
경부선,구로,2987005.0,8,298939.0,0.1001,0.3121
7호선,하계,2983600.0,8,280697.0,0.0941,0.428
2호선,이대,2977416.0,18,261368.0,0.0878,0.0884
경부선,가산디지털단지,2972608.0,8,511724.0,0.1721,0.8063
5호선,목동,2969713.0,18,326407.0,0.1099,0.4623
8호선,장지,2958475.0,18,306790.0,0.1037,0.0079
7호선,강남구청,2941333.0,8,346422.0,0.1178,0.8251
분당선,한티,2933954.0,17,281670.0,0.096,0.1009
9호선,국회의사당,2931217.0,8,525607.0,0.1793,0.9017
5호선,마곡,2925986.0,8,342303.0,0.117,0.5517
2호선,방배,2820655.0,8,289694.0,0.1027,0.3555
1호선,제기동,2814340.0,13,225503.0,0.0801,0.0549
5호선,종로3가,2812474.0,18,290315.0,0.1032,0.1977
7호선,사가정,2810389.0,8,283901.0,0.101,0.4596
2호선,신당,2789669.0,18,283482.0,0.1016,0.2838
9호선,마곡나루(서울식물원),2784006.0,18,307233.0,0.1104,0.1873
2호선,왕십리(성동구청),2769531.0,18,277383.0,0.1002,0.2203
경부선,독산,2754424.0,8,394074.0,0.1431,0.2915
4호선,미아(서울사이버대학),2750228.0,8,261154.0,0.095,0.1817
경부선,병점,2749352.0,18,252983.0,0.092,0.2893
8호선,암사,2730430.0,8,286769.0,0.105,0.5841
5호선,여의나루,2703123.0,18,315369.0,0.1167,0.242
2호선,잠실나루,2697977.0,8,282637.0,0.1048,0.1473
분당선,미금,2693645.0,18,233901.0,0.0868,0.0102
7호선,남구로,2674992.0,8,385906.0,0.1443,0.4499
2호선,을지로4가,2669017.0,18,271688.0,0.1018,0.5109
5호선,답십리,2668697.0,8,329883.0,0.1236,0.4311
경인선,동암,2661491.0,18,225485.0,0.0847,0.4485
5호선,우장산,2659521.0,8,247910.0,0.0932,0.4488
공항철도 1호선,인천공항1터미널,2632439.0,15,186900.0,0.071,0.2469
경부선,성균관대,2628448.0,18,255245.0,0.0971,0.4106
7호선,어린이대공원(세종대),2616488.0,8,270603.0,0.1034,0.2705
공항철도 1호선,마곡나루(서울식물원),2615615.0,8,364152.0,0.1392,0.6975
분당선,선릉,2614075.0,8,415961.0,0.1591,0.8896
7호선,신대방삼거리,2606398.0,8,278996.0,0.107,0.5841
분당선,수원시청,2599785.0,18,282346.0,0.1086,0.0384
5호선,마포,2585834.0,8,348129.0,0.1346,0.3194
7호선,내방,2583625.0,8,317831.0,0.123,0.4367
7호선,건대입구,2583375.0,18,227229.0,0.088,0.0215
6호선,디지털미디어시티,2576789.0,8,349654.0,0.1357,0.1089
안산선,상록수,2573784.0,18,237793.0,0.0924,0.5028
5호선,아차산(어린이대공원후문),2568829.0,8,260033.0,0.1012,0.2975
분당선,망포,2558811.0,18,285124.0,0.1114,0.0855
1호선,신설동,2554790.0,8,268876.0,0.1052,0.2523
공항철도 1호선,서울역,2543833.0,18,200496.0,0.0788,0.1893
1호선,동대문,2543630.0,15,197195.0,0.0775,0.0603
2호선,상왕십리,2537701.0,8,282784.0,0.1114,0.3878
5호선,공덕,2523915.0,8,326232.0,0.1293,0.3856
7호선,면목,2521233.0,8,268748.0,0.1066,0.5025
4호선,한성대입구(삼선교),2516712.0,8,209708.0,0.0833,0.1174
7호선,군자(능동),2503102.0,8,253438.0,0.1012,0.3634
3호선,녹번,2502002.0,8,276792.0,0.1106,0.6155
6호선,마포구청,2479730.0,8,275488.0,0.1111,0.2197
5호선,상일동,2468736.0,7,254494.0,0.1031,0.7125
7호선,중계,2463022.0,8,264742.0,0.1075,0.3774
6호선,합정,2451740.0,18,265465.0,0.1083,0.0375
경부선,평택,2436629.0,17,195236.0,0.0801,0.0573
분당선,죽전,2413740.0,18,224950.0,0.0932,0.249
과천선,정부과천청사,2404281.0,8,381603.0,0.1587,0.6733
5호선,둔촌동,2388516.0,18,240705.0,0.1008,0.3381
9호선2~3단계,올림픽공원(한국체대),2372921.0,16,197882.0,0.0834,0.1861
공항철도 1호선,디지털미디어시티,2360608.0,18,332865.0,0.141,0.4469
경원선,회룡,2327512.0,7,203910.0,0.0876,0.6866
3호선,을지로3가,2303293.0,18,296711.0,0.1288,0.4251
6호선,이태원,2297359.0,18,201089.0,0.0875,0.1016
경인선,동인천,2296338.0,18,201677.0,0.0878,0.0291
5호선,군자(능동),2287014.0,18,255885.0,0.1119,0.3456
7호선,마들,2276037.0,7,223161.0,0.098,0.7723
7호선,수락산,2275734.0,8,191287.0,0.0841,0.4456
분당선,태평,2267753.0,8,224345.0,0.0989,0.5147
분당선,서울숲,2264797.0,18,245109.0,0.1082,0.28
3호선,대치,2239054.0,17,203762.0,0.091,0.0128
3호선,약수,2224358.0,18,221564.0,0.0996,0.1338
3호선,교대(법원.검찰청),2214766.0,18,273913.0,0.1237,0.5797
7호선,숭실대입구(살피재),2207000.0,8,205038.0,0.0929,0.4037
4호선,이촌(국립중앙박물관),2202016.0,17,204118.0,0.0927,0.412
9호선,등촌,2199153.0,8,245684.0,0.1117,0.4958
5호선,신정(은행정),2178898.0,8,264284.0,0.1213,0.6857
3호선,매봉,2168565.0,8,309451.0,0.1427,0.5934
6호선,새절(신사),2159336.0,8,229624.0,0.1063,0.6128
7호선,공릉(서울과학기술대),2155527.0,18,194896.0,0.0904,0.295
3호선,종로3가,2144110.0,18,214314.0,0.1,0.3922
9호선2~3단계,중앙보훈병원,2134211.0,8,239637.0,0.1123,0.3922
6호선,안암(고대병원앞),2117062.0,17,186990.0,0.0883,0.4516
분당선,수내,2116369.0,8,225501.0,0.1066,0.3925
경원선,외대앞,2115041.0,8,192114.0,0.0908,0.372
5호선,김포공항,2098828.0,18,180080.0,0.0858,0.4377
안산선,안산,2085791.0,18,204047.0,0.0978,0.2153
공항철도 1호선,인천공항2터미널,2074610.0,17,150076.0,0.0723,0.2265
6호선,돌곶이,2069159.0,8,223526.0,0.108,0.4916
9호선2~3단계,언주,2059800.0,8,267206.0,0.1297,0.7494
7호선,신풍,2046346.0,8,214175.0,0.1047,0.4254
7호선,상도,2044215.0,8,200393.0,0.098,0.3345
7호선,천왕,2043881.0,8,234369.0,0.1147,0.5257
8호선,단대오거리,2038492.0,8,214859.0,0.1054,0.4953
6호선,동묘앞,2028050.0,16,171888.0,0.0848,0.1184
일산선,대곡,2021979.0,18,217925.0,0.1078,0.2122
8호선,남한산성입구(성남법원.검찰청),2008504.0,8,234646.0,0.1168,0.4597
6호선,상수,2006540.0,18,194571.0,0.097,0.0963
일산선,원당,2003581.0,8,182177.0,0.0909,0.4839
5호선,영등포시장,2002013.0,8,234297.0,0.117,0.0731
경부선,화서,2000085.0,18,203415.0,0.1017,0.3626
공항철도 1호선,운서,1991148.0,18,159095.0,0.0799,0.4461
1호선,동묘앞,1987489.0,13,199722.0,0.1005,0.07
6호선,월곡(동덕여대),1966653.0,8,214037.0,0.1088,0.3116
경인선,오류동,1963304.0,8,187950.0,0.0957,0.6018
경부선,오산,1961898.0,18,171816.0,0.0876,0.0935
7호선,중화,1951656.0,8,213621.0,0.1095,0.3775
9호선,양천향교,1936247.0,8,255386.0,0.1319,0.233
3호선,일원,1935953.0,7,189470.0,0.0979,0.1645
6호선,석계,1924722.0,18,179266.0,0.0931,0.5449
7호선,남성,1921465.0,8,204769.0,0.1066,0.5597
6호선,한강진,1917089.0,18,203987.0,0.1064,0.2827
5호선,광나루(장신대),1910040.0,8,194557.0,0.1019,0.0288
일산선,원흥,1907139.0,8,188609.0,0.0989,0.5228
7호선,자양(뚝섬한강공원),1901389.0,18,182998.0,0.0962,0.3336
3호선,동대입구,1885869.0,8,192132.0,0.1019,0.7307
2호선,아현,1883785.0,8,190703.0,0.1012,0.3806
8호선,강동구청,1874940.0,8,220847.0,0.1178,0.0148
7호선,중곡,1867677.0,8,229032.0,0.1226,0.1552
경부선,대방,1861539.0,8,224619.0,0.1207,0.2339
4호선,숙대입구(갈월),1850415.0,18,197560.0,0.1068,0.096
9호선2~3단계,선정릉,1839496.0,8,220301.0,0.1198,0.681
2호선,한양대,1837402.0,8,179958.0,0.0979,0.6779
경부선,금천구청,1828703.0,18,199932.0,0.1093,0.2391
7호선,먹골,1823301.0,8,175915.0,0.0965,0.4528
경인선,제물포,1819655.0,8,184849.0,0.1016,0.0678
2호선,충정로(경기대입구),1813993.0,8,254743.0,0.1404,0.4405
일산선,백석,1809415.0,8,156047.0,0.0862,0.0369
일산선,대화,1800967.0,7,173657.0,0.0964,0.5473
3호선,대청,1795694.0,8,194068.0,0.1081,0.1387
경의선,일산,1793692.0,7,169723.0,0.0946,0.6989
5호선,고덕,1793447.0,18,146760.0,0.0818,0.1883
분당선,오리,1774131.0,8,193298.0,0.109,0.1406
8호선,송파,1758182.0,8,181628.0,0.1033,0.2615
경원선,방학,1753910.0,8,151534.0,0.0864,0.1487
6호선,화랑대(서울여대입구),1751864.0,7,190447.0,0.1087,0.7367
5호선,거여,1745464.0,8,183451.0,0.1051,0.3682
분당선,기흥,1744347.0,18,178299.0,0.1022,0.2294
6호선,대흥(서강대앞),1736345.0,18,173262.0,0.0998,0.003
5호선,굽은다리(강동구민회관앞),1734826.0,8,162067.0,0.0934,0.3918
8호선,석촌,1726474.0,18,170356.0,0.0987,0.1526
분당선,강남구청,1724075.0,18,207210.0,0.1202,0.3805
2호선,신정네거리,1716406.0,18,170493.0,0.0993,0.5871
9호선2~3단계,석촌,1715263.0,18,164087.0,0.0957,0.2683
신림선,서울대벤처타운,1715226.0,8,169972.0,0.0991,0.633
7호선,장승배기,1713852.0,8,179885.0,0.105,0.2425
7호선,대림(구로구청),1706395.0,17,133418.0,0.0782,0.0793
7호선,도봉산,1680382.0,7,173887.0,0.1035,0.6994
경부선,남영,1679167.0,8,189960.0,0.1131,0.3753
안산선,정왕,1675639.0,18,155694.0,0.0929,0.0558
3호선,옥수,1664087.0,18,159064.0,0.0956,0.3415
6호선,광흥창(서강),1658798.0,8,189573.0,0.1143,0.1131
5호선,길동,1650281.0,8,157219.0,0.0953,0.192
안산선,한대앞,1640935.0,18,143884.0,0.0877,0.3112
공항철도 1호선,계양,1633584.0,7,164345.0,0.1006,0.8479
4호선,불암산,1631928.0,7,163029.0,0.0999,0.6972
9호선,흑석(중앙대입구),1602483.0,17,146397.0,0.0914,0.0923
6호선,증산(명지대앞),1599849.0,8,163186.0,0.102,0.6015
7호선,온수(성공회대입구),1593745.0,8,194390.0,0.122,0.4884
분당선,영통,1590102.0,18,155978.0,0.0981,0.0406
6호선,신당,1577052.0,18,147158.0,0.0933,0.1194
경부선,서정리,1576822.0,17,156948.0,0.0995,0.1881
일산선,주엽,1574462.0,8,123501.0,0.0784,0.2817
경부선,의왕,1572898.0,7,194439.0,0.1236,0.16
중앙선,도농,1571695.0,7,161519.0,0.1028,0.6949
경원선,석계,1570180.0,18,147216.0,0.0938,0.5174
경인선,구일,1564309.0,18,179169.0,0.1145,0.5381
3호선,가락시장,1559474.0,18,161915.0,0.1038,0.015
분당선,가천대,1557397.0,8,146423.0,0.094,0.0764
경부선,노량진,1550914.0,18,171496.0,0.1106,0.3569
8호선,가락시장,1545678.0,8,170897.0,0.1106,0.5082
9호선,김포공항,1544958.0,17,138618.0,0.0897,0.2353
경인선,중동,1544240.0,7,146287.0,0.0947,0.7569
8호선,몽촌토성(평화의문),1538637.0,8,169779.0,0.1103,0.1637
8호선,복정,1523598.0,18,162876.0,0.1069,0.0779
5호선,하남시청(덕풍·신장),1516005.0,8,136721.0,0.0902,0.2755
안산선,고잔,1507029.0,8,145808.0,0.0968,0.1541
9호선,선유도,1497829.0,8,217619.0,0.1453,0.2026
경원선,신이문,1471902.0,8,152511.0,0.1036,0.6612
9호선2~3단계,삼전,1468842.0,8,173705.0,0.1183,0.3242
7호선,태릉입구,1467022.0,8,129205.0,0.0881,0.1726
신림선,보라매병원,1461422.0,8,187583.0,0.1284,0.6797
경강선,경기광주,1455331.0,8,162931.0,0.112,0.6706
3호선,독립문,1453589.0,8,130187.0,0.0896,0.0424
6호선,고려대(종암),1450340.0,8,154527.0,0.1065,0.016
5호선,양평,1440969.0,8,236303.0,0.164,0.1857
5호선,명일,1439887.0,18,132230.0,0.0918,0.4397
경원선,광운대,1435412.0,8,124002.0,0.0864,0.3943
분당선,수원,1426143.0,18,136778.0,0.0959,0.1652
경인선,부개,1425549.0,7,133257.0,0.0935,0.7317
경원선,망월사,1423778.0,8,122815.0,0.0863,0.2194
6호선,봉화산(서울의료원),1410494.0,7,149059.0,0.1057,0.7529
경부선,신길,1406246.0,8,176660.0,0.1256,0.0708
8호선,남위례,1405867.0,8,166114.0,0.1182,0.0685
9호선2~3단계,삼성중앙,1401589.0,8,182119.0,0.1299,0.7203
경부선,두정,1397136.0,18,118493.0,0.0848,0.2117
안산선,오이도,1391278.0,18,125351.0,0.0901,0.2126
6호선,보문,1386501.0,8,159420.0,0.115,0.2513
5호선,방이,1381529.0,8,132886.0,0.0962,0.1793
경부선,명학,1380906.0,8,204050.0,0.1478,0.3664
경인선,소사,1380467.0,18,115114.0,0.0834,0.4543
일산선,마두,1374339.0,8,124570.0,0.0906,0.0861
공항철도 1호선,청라국제도시,1372329.0,18,144758.0,0.1055,0.175
3호선,금호,1366116.0,8,138989.0,0.1017,0.5913
경부선,서울역,1364235.0,18,111995.0,0.0821,0.4604
경의선,운정,1356128.0,18,121597.0,0.0897,0.2948
9호선,증미,1348963.0,8,222344.0,0.1648,0.3116
중앙선,망우,1348919.0,18,118728.0,0.088,0.3818
경부선,석수,1343683.0,7,134676.0,0.1002,0.5014
3호선,지축,1338856.0,8,131760.0,0.0984,0.4296
4호선,삼각지(전쟁기념관),1336073.0,18,163255.0,0.1222,0.1024
분당선,구성,1332269.0,8,132925.0,0.0998,0.3539
중앙선,구리,1332197.0,18,123063.0,0.0924,0.3808
9호선2~3단계,석촌고분,1329997.0,8,150857.0,0.1134,0.3181
경의선,야당,1326950.0,18,124882.0,0.0941,0.507
3호선,경찰병원,1326486.0,8,167490.0,0.1263,0.0727
6호선,삼각지(전쟁기념관),1325829.0,18,134919.0,0.1018,0.2018
5호선,행당,1321362.0,8,152364.0,0.1153,0.6066
분당선,도곡,1309835.0,8,123922.0,0.0946,0.2297
일산선,정발산,1303202.0,18,116743.0,0.0896,0.1431
경의선,탄현,1296057.0,18,124287.0,0.0959,0.4759
경의선,행신,1293349.0,18,137075.0,0.106,0.5623
공항철도 1호선,김포공항,1286191.0,18,107804.0,0.0838,0.5462
6호선,구산,1283658.0,8,140257.0,0.1093,0.6285
경의선,백마,1270286.0,7,134129.0,0.1056,0.6775
3호선,잠원,1268772.0,8,118116.0,0.0931,0.3098
6호선,효창공원앞,1266918.0,8,159043.0,0.1255,0.0851
5호선,방화,1248994.0,8,121561.0,0.0973,0.2903
경부선,관악,1244625.0,8,121356.0,0.0975,0.3664
분당선,선정릉,1238348.0,8,155031.0,0.1252,0.7108
과천선,선바위,1221602.0,18,129443.0,0.106,0.3437
9호선,신방화,1221227.0,8,122016.0,0.0999,0.3507
경부선,천안,1220429.0,17,100504.0,0.0824,0.0792
경원선,양주,1212848.0,7,112700.0,0.0929,0.4291
7호선,반포,1202584.0,8,106005.0,0.0881,0.1699
5호선,을지로4가,1197124.0,18,140370.0,0.1173,0.6252
5호선,하남검단산,1195208.0,8,96985.0,0.0811,0.3358
5호선,마천,1193814.0,7,140690.0,0.1178,0.7958
2호선,양천구청,1192683.0,18,117648.0,0.0986,0.5198
7호선,보라매,1191787.0,8,137141.0,0.1151,0.0664
경인선,백운,1191719.0,8,107208.0,0.09,0.4463
8호선,암사역사공원,1186981.0,8,136978.0,0.1154,0.5481
9호선,샛강,1171100.0,18,145270.0,0.124,0.3913
경원선,지행,1170371.0,8,100455.0,0.0858,0.2962
경원선,도봉산,1164290.0,8,85175.0,0.0732,0.4373
경의선,금촌,1162070.0,8,101527.0,0.0874,0.092
5호선,개롱,1151182.0,8,110949.0,0.0964,0.1322
수인선,인하대,1145476.0,8,107406.0,0.0938,0.1508
경원선,덕계,1144251.0,8,116436.0,0.1018,0.603
9호선2~3단계,송파나루,1135186.0,18,126268.0,0.1112,0.2835
5호선,애오개,1134609.0,8,132885.0,0.1171,0.246
5호선,올림픽공원(한국체대),1133705.0,17,91651.0,0.0808,0.1194
5호선,신금호,1131421.0,8,122044.0,0.1079,0.3237
경원선,가능,1121662.0,8,102939.0,0.0918,0.1809
경원선,월계,1111661.0,8,103857.0,0.0934,0.2942
경의선,풍산,1111073.0,7,94638.0,0.0852,0.6751
8호선,산성,1106165.0,8,116151.0,0.105,0.559
경부선,군포,1102272.0,8,157033.0,0.1425,0.4065
경춘선,평내호평,1100399.0,18,104056.0,0.0946,0.4508
5호선,송정,1096967.0,8,98529.0,0.0898,0.3354
6호선,상월곡(한국과학기술연구원),1093084.0,8,125274.0,0.1146,0.3375
3호선,오금,1082625.0,8,134967.0,0.1247,0.3803
중앙선,상봉,1074382.0,18,99294.0,0.0924,0.418
공항철도 1호선,검암,1071013.0,7,119045.0,0.1112,0.6429
경강선,판교,1065635.0,8,121309.0,0.1138,0.8159
6호선,태릉입구,1058496.0,18,100462.0,0.0949,0.4316
경원선,덕정,1051483.0,8,105122.0,0.1,0.1736
경인선,온수(성공회대입구),1048622.0,7,92046.0,0.0878,0.4752
3호선,도곡,1048239.0,8,114574.0,0.1093,0.1958
5호선,개화산,1044829.0,8,110741.0,0.106,0.2352
5호선,강일,1033152.0,7,108375.0,0.1049,0.6321
우이신설선,북한산보국문,1027654.0,8,95243.0,0.0927,0.3851
경원선,도봉,1026381.0,8,88204.0,0.0859,0.2217
경의선,문산,1025767.0,8,92809.0,0.0905,0.1175
5호선,마장,1017747.0,8,107069.0,0.1052,0.1598
경의선,가좌,1014736.0,8,109853.0,0.1083,0.4306
경부선,당정,1012244.0,8,108185.0,0.1069,0.1596
8호선,신흥,1005472.0,8,89445.0,0.089,0.5
6호선,녹사평(용산구청),998306.0,18,104538.0,0.1047,0.1054
9호선2~3단계,종합운동장,997971.0,18,99253.0,0.0995,0.1598
7호선,용마산(용마폭포공원),996183.0,8,113072.0,0.1135,0.5011
우이신설선,솔샘,989460.0,8,99336.0,0.1004,0.6992
경인선,간석,988087.0,8,87268.0,0.0883,0.3719
분당선,대모산입구,977576.0,8,102744.0,0.1051,0.3186
수인선,인천논현,976505.0,18,90472.0,0.0926,0.2252
수인선,고색,976168.0,7,125515.0,0.1286,0.0078
6호선,월드컵경기장(성산),973759.0,18,99306.0,0.102,0.3848
과천선,경마공원,970030.0,18,165377.0,0.1705,0.914
중앙선,중랑,968704.0,8,87909.0,0.0907,0.5919
8호선,수진,965466.0,8,103804.0,0.1075,0.272
중앙선,덕소,960409.0,7,89267.0,0.0929,0.6899
분당선,이매,956905.0,8,90246.0,0.0943,0.0087
분당선,매탄권선,937807.0,8,102024.0,0.1088,0.1896
서해선,원종,933988.0,18,88287.0,0.0945,0.3157
5호선,왕십리(성동구청),921753.0,18,99747.0,0.1082,0.0912
5호선,신길,921693.0,8,124778.0,0.1354,0.2774
분당선,매교,905498.0,8,99764.0,0.1102,0.257
과천선,과천,899391.0,8,83557.0,0.0929,0.3924
분당선,상갈,889226.0,8,84930.0,0.0955,0.4016
5호선,영등포구청,876495.0,8,132030.0,0.1506,0.3233
수인선,소래포구,875172.0,18,67926.0,0.0776,0.314
장항선,온양온천,874634.0,13,66916.0,0.0765,0.14
경부선,평택지제,869778.0,17,81397.0,0.0936,0.3007
안산선,대야미,867688.0,8,83894.0,0.0967,0.462
5호선,충정로(경기대입구),858400.0,8,142813.0,0.1664,0.5975
6호선,불광,857401.0,18,78496.0,0.0916,0.1412
신림선,당곡,856374.0,8,86218.0,0.1007,0.3579
9호선,신반포,855452.0,18,76263.0,0.0891,0.0702
4호선,숙대입구(서울시교육청),854535.0,18,91179.0,0.1067,0.084
공항철도 1호선,영종,853929.0,7,70214.0,0.0822,0.7096
경의선,금릉,853607.0,8,74243.0,0.087,0.1428
8호선,모란,836885.0,8,68827.0,0.0822,0.0123
수인선,연수,831111.0,18,77498.0,0.0932,0.18
5호선,하남풍산,830856.0,8,90115.0,0.1085,0.2071
분당선,신갈,829808.0,8,83888.0,0.1011,0.4478
수인선,사리,827446.0,7,85968.0,0.1039,0.7094
경부선,송탄,822619.0,17,64415.0,0.0783,0.146
안산선,초지,819844.0,7,90199.0,0.11,0.3539
9호선2~3단계,둔촌오륜,812243.0,8,85204.0,0.1049,0.675
9호선,노들,810714.0,8,83185.0,0.1026,0.7061
분당선,청명,808660.0,8,88755.0,0.1098,0.354
신림선,보라매,793792.0,8,91490.0,0.1153,0.0135
우이신설선,정릉,789053.0,8,71253.0,0.0903,0.4253
수인선,원인재,783073.0,18,68711.0,0.0877,0.3003
경부선,성환,777036.0,17,69697.0,0.0897,0.3624
우이신설선,가오리,776675.0,8,71600.0,0.0922,0.4413
6호선,역촌,773286.0,8,78906.0,0.102,0.3287
경원선,녹양,772315.0,7,64926.0,0.0841,0.5158
9호선,신목동,768892.0,8,87987.0,0.1144,0.4077
수인선,숭의,762642.0,7,74308.0,0.0974,0.242
경의선,능곡,755994.0,8,72945.0,0.0965,0.4123
안산선,반월,755833.0,8,68807.0,0.091,0.4294
과천선,대공원,741620.0,16,64056.0,0.0864,0.1779
9호선,사평,737148.0,8,67714.0,0.0919,0.2685
3호선,무악재,736864.0,8,75359.0,0.1023,0.5083
경원선,녹천,731764.0,7,76696.0,0.1048,0.6391
경춘선,마석,728296.0,7,69082.0,0.0949,0.4152
수인선,호구포,711245.0,8,90740.0,0.1276,0.4521
경부선,신도림,709061.0,18,82207.0,0.1159,0.0233
2호선,신설동,706723.0,8,69779.0,0.0987,0.1751
우이신설선,성신여대입구(돈암),700672.0,18,62396.0,0.0891,0.0707
서해선,김포공항,692457.0,18,59768.0,0.0863,0.1671
경의선,공덕,691725.0,8,77382.0,0.1119,0.5482
장항선,아산,689701.0,18,59699.0,0.0866,0.0987
분당선,개포동,689034.0,8,61145.0,0.0887,0.0515
경인선,인천,687065.0,17,57944.0,0.0843,0.4459
수인선,오목천,680438.0,8,70190.0,0.1032,0.0814
공항철도 1호선,공덕,672851.0,18,81173.0,0.1206,0.1599
6호선,청구,664685.0,8,92367.0,0.139,0.3651
경인선,도화,662954.0,8,58096.0,0.0876,0.2973
경부선,오산대,662367.0,18,65823.0,0.0994,0.1813
안산선,수리산,659259.0,8,73793.0,0.1119,0.4037
5호선,오금,657683.0,8,87365.0,0.1328,0.4554
6호선,약수,652579.0,18,69428.0,0.1064,0.1362
우이신설선,화계,648048.0,8,64165.0,0.099,0.3578
경강선,초월,635016.0,8,71127.0,0.112,0.5488
신림선,관악산(서울대),633753.0,8,57756.0,0.0911,0.2062
경원선,이촌(국립중앙박물관),631116.0,8,57612.0,0.0913,0.1122
경부선,광명,630541.0,18,70404.0,0.1117,0.0724
신림선,서원,625243.0,8,66293.0,0.106,0.7642
경부선,세류,616881.0,7,63668.0,0.1032,0.565
5호선,동대문역사문화공원(DDP),610284.0,8,101105.0,0.1657,0.8154
중앙선,양평,608473.0,17,46335.0,0.0761,0.2351
경의선,서울역,605940.0,8,84681.0,0.1398,0.7778
경부선,세마,603761.0,8,62441.0,0.1034,0.0182
9호선2~3단계,한성백제,603753.0,8,68135.0,0.1129,0.1656
경원선,한남,603652.0,17,58900.0,0.0976,0.4466
신림선,서울지방병무청,597541.0,8,57178.0,0.0957,0.3568
5호선,청구,593419.0,18,69391.0,0.1169,0.1503
경의선,효창공원앞,590011.0,8,77398.0,0.1312,0.3337
경인선,도원,580534.0,8,72288.0,0.1245,0.3865
분당선,구룡,578461.0,8,54815.0,0.0948,0.1172
우이신설선,북한산우이,575612.0,8,50714.0,0.0881,0.1798
우이신설선,4.19민주묘지,572198.0,8,49801.0,0.087,0.2285
경강선,이천,571377.0,18,50823.0,0.0889,0.1165
6호선,창신,568617.0,8,67308.0,0.1184,0.5208
경춘선,남춘천,565803.0,13,42350.0,0.0748,0.014
경춘선,퇴계원,564994.0,7,59058.0,0.1045,0.638
신림선,샛강,556762.0,8,93453.0,0.1679,0.813
경강선,여주,551072.0,18,42299.0,0.0768,0.3124
중앙선,양원,549485.0,7,67495.0,0.1228,0.1726
신림선,대방,546016.0,8,56735.0,0.1039,0.3797
경의선,수색,542299.0,8,77482.0,0.1429,0.1841
경원선,동두천중앙,526785.0,8,55490.0,0.1053,0.118
2호선,용답,526276.0,8,52503.0,0.0998,0.6432
9호선,공항시장,518680.0,8,49907.0,0.0962,0.4094
수인선,월곶,514589.0,18,49901.0,0.097,0.2473
경춘선,신내,508476.0,7,60297.0,0.1186,0.3262
우이신설선,삼양사거리,504882.0,8,47193.0,0.0935,0.3589
경의선,강매,498009.0,8,60303.0,0.1211,0.6399
서해선,부천종합운동장,494647.0,8,58691.0,0.1187,0.4968
신림선,신림,479139.0,18,49159.0,0.1026,0.4043
6호선,독바위,474163.0,8,46124.0,0.0973,0.5997
경의선,홍대입구,471164.0,18,42909.0,0.0911,0.0473
9호선,구반포,469278.0,6,92588.0,0.1973,0.9267
우이신설선,솔밭공원,462243.0,8,44099.0,0.0954,0.5694
우이신설선,삼양,461990.0,8,42662.0,0.0923,0.3555
신림선,보라매공원,453009.0,8,51561.0,0.1138,0.1667
3호선,학여울,450701.0,17,39805.0,0.0883,0.2914
경의선,디지털미디어시티,447584.0,18,45895.0,0.1025,0.3124
중앙선,도심,447029.0,7,55872.0,0.125,0.7523
경춘선,가평,441340.0,11,44892.0,0.1017,0.167
경춘선,갈매,439236.0,7,49571.0,0.1129,0.6045
경강선,부발,436346.0,7,44430.0,0.1018,0.0057
장항선,쌍용(나사렛대),435676.0,8,39343.0,0.0903,0.2438
수인선,송도,435069.0,8,39501.0,0.0908,0.265
중앙선,용문,432633.0,16,39616.0,0.0916,0.0244
우이신설선,신설동,430366.0,8,48266.0,0.1122,0.6558
경춘선,별내,428739.0,8,43374.0,0.1012,0.0342
분당선,보정,408134.0,8,48196.0,0.1181,0.2373
경의선,서강대,408015.0,8,39468.0,0.0967,0.4019
경원선,소요산,401841.0,14,45339.0,0.1128,0.1765
2호선,용두(동대문구청),400367.0,8,43802.0,0.1094,0.2818
수인선,남동인더스파크,397617.0,8,76995.0,0.1936,0.8511
경강선,삼동,391706.0,7,43562.0,0.1112,0.7033
경원선,서빙고,390757.0,8,37708.0,0.0965,0.3843
6호선,버티고개,388865.0,18,40072.0,0.103,0.0051
경강선,곤지암,388647.0,7,38600.0,0.0993,0.1407
경원선,창동,388558.0,18,38164.0,0.0982,0.2914
공항철도 1호선,공항화물청사,377348.0,8,54234.0,0.1437,0.7639
9호선,개화,369828.0,7,46789.0,0.1265,0.5752
장항선,탕정,368598.0,17,31925.0,0.0866,0.1037
중앙선,양수,364465.0,16,28122.0,0.0772,0.1912
9호선,동작(현충원),362546.0,8,30550.0,0.0843,0.1459
7호선,장암,360551.0,7,57587.0,0.1597,0.864
경의선,한국항공대,357013.0,8,34357.0,0.0962,0.3164
안산선,신길온천,356996.0,7,37908.0,0.1062,0.4328
경춘선,청평,352765.0,8,29336.0,0.0832,0.1352
4호선,동작(현충원),351463.0,17,33388.0,0.095,0.4115
경춘선,사릉,351018.0,7,41882.0,0.1193,0.3579
우이신설선,보문,326913.0,8,29596.0,0.0905,0.041
경의선,월롱,326044.0,17,36093.0,0.1107,0.6015
2호선,신답,322159.0,8,39354.0,0.1222,0.7532
수인선,신포,318134.0,18,30335.0,0.0954,0.0169
경원선,동두천,315598.0,8,27189.0,0.0862,0.0416
경원선,응봉,292655.0,7,27520.0,0.094,0.612
경춘선,춘천,290413.0,15,25583.0,0.0881,0.2217
경춘선,금곡,286173.0,8,31442.0,0.1099,0.0126
경부선,진위,285190.0,7,37866.0,0.1328,0.5133
경원선,보산,279588.0,17,23775.0,0.085,0.1211
경춘선,천마산,278759.0,8,27593.0,0.099,0.5057
수인선,어천,269396.0,7,27618.0,0.1025,0.0167
장항선,신창(순천향대),267446.0,8,23959.0,0.0896,0.3655
수인선,인천,260106.0,15,20746.0,0.0798,0.0076
경강선,신둔도예촌,258872.0,7,26544.0,0.1025,0.2741
경강선,성남,242372.0,7,25330.0,0.1045,0.5538
4호선,남태령,234757.0,8,28849.0,0.1229,0.2131
경원선,연천,233564.0,13,22890.0,0.098,0.0849
2호선,도림천,233221.0,8,25473.0,0.1092,0.1233
경부선,서동탄,232499.0,7,34715.0,0.1493,0.7579
장항선,봉명,231783.0,8,21104.0,0.0911,0.1633
경원선,전곡,231269.0,8,20665.0,0.0894,0.268
장항선,배방,231160.0,17,19606.0,0.0848,0.2223
경의선,파주,203650.0,8,23223.0,0.114,0.2917
경부선,직산,186927.0,7,19400.0,0.1038,0.193
경의선,신촌,181275.0,8,24334.0,0.1342,0.8176
경강선,이매,175528.0,7,18318.0,0.1044,0.2331
중앙선,팔당,156289.0,8,13136.0,0.084,0.4316
경춘선,대성리,153600.0,14,24469.0,0.1593,0.7342
중앙선,운길산,129352.0,10,11308.0,0.0874,0.3592
수인선,야목,127197.0,7,13636.0,0.1072,0.5764
중앙선,국수,123128.0,8,10180.0,0.0827,0.3733
경의선,곡산,105976.0,8,11047.0,0.1042,0.3414
중앙선,아신,98147.0,16,7746.0,0.0789,0.0818
경춘선,강촌,87612.0,11,11337.0,0.1294,0.1036
중앙선,양정,83932.0,8,7998.0,0.0953,0.1808
경춘선,김유정,83670.0,12,7005.0,0.0837,0.2391
경강선,세종대왕릉,67810.0,8,5600.0,0.0826,0.0932
중앙선,원덕,62174.0,17,4917.0,0.0791,0.3309
중앙선,오빈,57719.0,18,4872.0,0.0844,0.3362
경춘선,상천,53705.0,8,4966.0,0.0925,0.0403
중앙선,신원,30332.0,7,2913.0,0.096,0.1205
경원선,청산,27720.0,8,2581.0,0.0931,0.2166
경춘선,굴봉산,24730.0,11,4730.0,0.1913,0.3725
경춘선,백양리,23361.0,11,2459.0,0.1053,0.1379
수인선,달월,14953.0,18,2884.0,0.1929,0.7046
중앙선,지평,10838.0,14,2171.0,0.2003,0.0603
경원선,옥수,8260.0,17,1481.0,0.1793,0.8717
경의선,임진강,4912.0,17,1906.0,0.388,0.5624
