date,weekday,is_weekday,day_total,peak_hour,peak_ratio
2024-11-01,4,True,10516607,HR18,0.1102
2024-11-02,5,False,8128811,HR16,0.0822
2024-11-03,6,False,6044905,HR16,0.078
2024-11-04,0,True,9916564,HR08,0.1217
2024-11-05,1,True,10177889,HR08,0.1202
2024-11-06,2,True,10220029,HR08,0.1191
2024-11-07,3,True,10196471,HR08,0.1174
2024-11-08,4,True,10529122,HR18,0.1103
2024-11-09,5,False,8128628,HR16,0.0855
2024-11-10,6,False,5764772,HR16,0.0832
2024-11-11,0,True,9868986,HR08,0.121
2024-11-12,1,True,10124467,HR08,0.1203
2024-11-13,2,True,10250292,HR08,0.1176
2024-11-14,3,True,10032209,HR18,0.1106
2024-11-15,4,True,10447760,HR18,0.1101
2024-11-16,5,False,7869858,HR16,0.0849
2024-11-17,6,False,5766098,HR16,0.0811
2024-11-18,0,True,9723076,HR08,0.1186
2024-11-19,1,True,10023063,HR08,0.1188
2024-11-20,2,True,10176785,HR08,0.1159
2024-11-21,3,True,10176428,HR08,0.116
2024-11-22,4,True,10505324,HR18,0.1096
2024-11-23,5,False,7853127,HR16,0.085
2024-11-24,6,False,5735967,HR16,0.0823
2024-11-25,0,True,9914142,HR08,0.1186
2024-11-26,1,True,10012662,HR08,0.1201
2024-11-27,2,True,10565731,HR08,0.1143
2024-11-28,3,True,10281496,HR08,0.1154
2024-11-29,4,True,10588660,HR18,0.1091
2024-11-30,5,False,7680597,HR16,0.088
