ts,route_id,plate_no,lat,lng,dist_km,stop_id,stop_name,spot_speed
2026-10-09T22:59:01,293000282,세종70자1751,36.485459,127.245462,14.587,293064312,"세종기상관측소(새뜸3,4단지)",34
2026-10-09T22:59:01,293000282,세종70자1753,36.535159,127.260453,23.482,293064100,"범지기3,9단지(청소년센터)",69
2026-10-09T22:59:01,293000282,세종70자1748,36.618944,127.327122,37.296,270050300,오송3리,8
2026-10-09T22:59:01,293000282,세종70자1744,36.609171,127.32283,35.548,270050300,오송3리,49
2026-10-09T22:59:01,293000282,세종70자1752,36.619681,127.326456,37.432,270054837,오송역종점,16
2026-10-09T22:59:01,293000283,세종70자1743,36.60096999,127.296937,4.506,293064152,조치원전통시장 북측,11
2026-10-09T22:59:01,293000283,세종70자1746,36.51898,127.248623,16.663,293064099,"범지기3,9단지(청소년센터)",37
2026-10-09T22:59:01,293000283,세종70자1749,36.389847,127.316234,37.382,186004229,반석역,68
2026-10-09T22:59:01,293000283,세종70자1750,36.391245,127.315075,37.154,186004229,반석역,28
2026-10-09T22:59:31,293000282,세종70자1751,36.487527,127.244531,14.885,293064312,"세종기상관측소(새뜸3,4단지)",36
2026-10-09T22:59:31,293000282,세종70자1753,36.536712,127.265436,23.482,293064100,"범지기3,9단지(청소년센터)",69
2026-10-09T22:59:31,293000282,세종70자1748,36.618944,127.327122,37.296,270050300,오송3리,8
2026-10-09T22:59:31,293000282,세종70자1744,36.610808,127.327493,35.99,270050300,오송3리,62
2026-10-09T22:59:31,293000282,세종70자1752,36.619681,127.326456,37.432,270054837,오송역종점,16
2026-10-09T22:59:31,293000283,세종70자1743,36.601187,127.297777,4.594,293001084,조치원역,18
2026-10-09T22:59:31,293000283,세종70자1746,36.519373,127.250681,16.887,293064101,범지기마을10단지 북측,50
2026-10-09T22:59:31,293000283,세종70자1749,36.387908,127.317966,37.557,186004229,반석역,39
2026-10-09T22:59:31,293000283,세종70자1750,36.391245,127.315075,37.154,186004229,반석역,28
2026-10-09T23:00:01,293000282,세종70자1751,36.489268,127.244358,15.045,293064360,"새뜸마을4단지,가온마을1단지",22
2026-10-09T23:00:01,293000282,세종70자1753,36.540489,127.269976,24.909,293064100,"범지기3,9단지(청소년센터)",69
2026-10-09T23:00:01,293000282,세종70자1748,36.618944,127.327122,37.296,270050300,오송3리,8
2026-10-09T23:00:01,293000282,세종70자1744,36.613269,127.331513,36.444,270050300,오송3리,36
2026-10-09T23:00:01,293000282,세종70자1752,36.619681,127.326456,37.432,270054837,오송역종점,16
2026-10-09T23:00:01,293000283,세종70자1743,36.60017899,127.298247,4.742,293001088,조치원전통시장,36
2026-10-09T23:00:01,293000283,세종70자1746,36.51817,127.252161,17.182,293061007,범지기마을10단지,46
2026-10-09T23:00:01,293000283,세종70자1749,36.388993,127.317112,37.557,186004229,반석역,39
2026-10-09T23:00:01,293000283,세종70자1750,36.391245,127.315075,37.154,186004229,반석역,28
2026-10-09T23:00:32,293000282,세종70자1751,36.489701,127.245804,15.358,293064360,"새뜸마을4단지,가온마을1단지",29
2026-10-09T23:00:32,293000282,세종70자1753,36.545137,127.272768,25.615,293064100,"범지기3,9단지(청소년센터)",67
2026-10-09T23:00:32,293000282,세종70자1748,36.618944,127.327122,37.296,270050300,오송3리,8
2026-10-09T23:00:32,293000282,세종70자1744,36.614068,127.332212,36.551,270050300,오송3리,33
2026-10-09T23:00:32,293000282,세종70자1752,36.619681,127.326456,37.432,270054837,오송역종점,16
2026-10-09T23:00:32,293000283,세종70자1743,36.596808,127.298782,5.124,293064035,조치원1927아트센터,25
2026-10-09T23:00:32,293000283,세종70자1746,36.51511099,127.250796,17.54,293061006,아름초등학교,34
2026-10-09T23:00:32,293000283,세종70자1749,36.389632,127.31663,37.382,186004229,반석역,47
2026-10-09T23:00:32,293000283,세종70자1750,36.391245,127.315075,37.154,186004229,반석역,28
2026-10-09T23:01:03,293000282,세종70자1751,36.490412,127.248694,15.552,293064360,"새뜸마을4단지,가온마을1단지",42
2026-10-09T23:01:03,293000282,세종70자1753,36.549636,127.275838,26.089,293064100,"범지기3,9단지(청소년센터)",66
2026-10-09T23:01:03,293000282,세종70자1748,36.618944,127.327122,37.296,270050300,오송3리,8
2026-10-09T23:01:03,293000282,세종70자1744,36.61848599,127.327163,37.242,270050300,오송3리,29
2026-10-09T23:01:03,293000282,세종70자1752,36.619681,127.326456,37.432,270054837,오송역종점,16
2026-10-09T23:01:03,293000283,세종70자1743,36.595906,127.296036,5.412,293064035,조치원1927아트센터,28
2026-10-09T23:01:03,293000283,세종70자1746,36.514221,127.250512,17.614,293061006,아름초등학교,43
2026-10-09T23:01:03,293000283,세종70자1749,36.393762,127.313491,36.989,186004229,반석역,68
2026-10-09T23:01:03,293000283,세종70자1750,36.391245,127.315075,37.154,186004229,반석역,28
2026-10-09T23:01:33,293000282,세종70자1751,36.491188,127.249767,15.731,293064237,"가온마을4,7단지",34
2026-10-09T23:01:33,293000282,세종70자1753,36.552266,127.277621,26.503,293900056,연기리,1
2026-10-09T23:01:33,293000282,세종70자1748,36.618944,127.327122,37.296,270050300,오송3리,8
2026-10-09T23:01:33,293000282,세종70자1752,36.619681,127.326456,37.432,270054837,오송역종점,16
2026-10-09T23:01:33,293000282,세종70자1744,36.619323,127.326841,37.404,270054837,오송역종점,36
2026-10-09T23:01:33,293000283,세종70자1743,36.595731,127.295096,5.412,293064035,조치원1927아트센터,20
2026-10-09T23:01:33,293000283,세종70자1746,36.511711,127.250014,17.94,293061006,아름초등학교,12
2026-10-09T23:01:33,293000283,세종70자1749,36.398396,127.310693,36.265,186004229,반석역,68
2026-10-09T23:01:33,293000283,세종70자1750,36.391245,127.315075,37.154,186004229,반석역,28
2026-10-09T23:02:03,293000282,세종70자1751,36.491924,127.249586,15.804,293064237,"가온마을4,7단지",20
2026-10-09T23:02:03,293000282,세종70자1753,36.552266,127.277621,26.503,293900056,연기리,1
2026-10-09T23:02:03,293000282,세종70자1748,36.618944,127.327122,37.296,270050300,오송3리,8
2026-10-09T23:02:03,293000282,세종70자1752,36.619681,127.326456,37.432,270054837,오송역종점,16
2026-10-09T23:02:03,293000282,세종70자1744,36.619323,127.326841,37.404,270054837,오송역종점,36
2026-10-09T23:02:03,293000283,세종70자1743,36.595713,127.294926,5.412,293064035,조치원1927아트센터,20
2026-10-09T23:02:03,293000283,세종70자1746,36.511834,127.246111,18.295,293061002,아름동커뮤니티센터,65
2026-10-09T23:02:03,293000283,세종70자1749,36.40266,127.307141,35.486,186004229,반석역,69
2026-10-09T23:02:03,293000283,세종70자1750,36.391245,127.315075,37.154,186004229,반석역,28
2026-10-09T23:02:33,293000282,세종70자1751,36.491924,127.249586,15.804,293064237,"가온마을4,7단지",20
2026-10-09T23:02:33,293000282,세종70자1753,36.552736,127.278,26.515,293900056,연기리,48
2026-10-09T23:02:33,293000282,세종70자1748,36.618944,127.327122,37.296,270050300,오송3리,8
2026-10-09T23:02:33,293000282,세종70자1752,36.619681,127.326456,37.432,270054837,오송역종점,16
2026-10-09T23:02:33,293000282,세종70자1744,36.619323,127.326841,37.404,270054837,오송역종점,36
2026-10-09T23:02:33,293000283,세종70자1743,36.595417,127.292241,5.77,293064146,세종시보건소(대동초),24
2026-10-09T23:02:33,293000283,세종70자1746,36.512056,127.241801,18.712,293061002,아름동커뮤니티센터,66
2026-10-09T23:02:33,293000283,세종70자1749,36.406764,127.303676,35.186,186004229,반석역,68
2026-10-09T23:02:33,293000283,세종70자1750,36.391245,127.315075,37.154,186004229,반석역,28
2026-10-09T23:03:04,293000282,세종70자1751,36.492005,127.249569,15.804,293064237,"가온마을4,7단지",18
2026-10-09T23:03:04,293000282,세종70자1753,36.557283,127.280513,27.064,293900056,연기리,68
2026-10-09T23:03:04,293000282,세종70자1748,36.618944,127.327122,37.296,270050300,오송3리,8
2026-10-09T23:03:04,293000282,세종70자1752,36.619681,127.326456,37.432,270054837,오송역종점,16
2026-10-09T23:03:04,293000282,세종70자1744,36.619323,127.326841,37.404,270054837,오송역종점,36
2026-10-09T23:03:04,293000283,세종70자1743,36.594184,127.291135,5.992,293064034,신흥사거리,32
2026-10-09T23:03:04,293000283,세종70자1746,36.512056,127.241801,18.712,293061002,아름동커뮤니티센터,66
2026-10-09T23:03:04,293000283,세종70자1749,36.411461,127.301029,34.621,186004229,반석역,68
2026-10-09T23:03:04,293000283,세종70자1750,36.391245,127.315075,37.154,186004229,반석역,28
2026-10-09T23:03:35,293000282,세종70자1751,36.493417,127.249239,15.999,293064237,"가온마을4,7단지",18
2026-10-09T23:03:35,293000282,세종70자1753,36.561584,127.284948,27.698,293064249,봉암리,68
2026-10-09T23:03:35,293000282,세종70자1748,36.618944,127.327122,37.296,270050300,오송3리,8
2026-10-09T23:03:35,293000282,세종70자1752,36.619681,127.326456,37.432,270054837,오송역종점,16
2026-10-09T23:03:35,293000282,세종70자1744,36.619323,127.326841,37.404,270054837,오송역종점,36
2026-10-09T23:03:35,293000283,세종70자1743,36.591406,127.291575,6.308,293001052,자이아파트,42
2026-10-09T23:03:35,293000283,세종70자1746,36.511182,127.241372,18.725,293064203,"시립도서관,대법원등기정보센터",35
2026-10-09T23:03:35,293000283,세종70자1749,36.416456,127.299541,34.039,186004229,반석역,67
2026-10-09T23:03:35,293000283,세종70자1750,36.391245,127.315075,37.154,186004229,반석역,28
2026-10-09T23:04:05,293000282,세종70자1751,36.495182,127.249026,16.112,293064263,다정동커뮤니티센터,38
2026-10-09T23:04:05,293000282,세종70자1753,36.565368,127.288608,28.239,293064249,봉암리,69
2026-10-09T23:04:05,293000282,세종70자1748,36.618944,127.327122,37.296,270050300,오송3리,8
2026-10-09T23:04:05,293000282,세종70자1752,36.619681,127.326456,37.432,270054837,오송역종점,16
2026-10-09T23:04:05,293000282,세종70자1744,36.619323,127.326841,37.404,270054837,오송역종점,36
2026-10-09T23:04:05,293000283,세종70자1743,36.587448,127.292152,6.729,293064083,번암아파트 후문,68
2026-10-09T23:04:05,293000283,세종70자1746,36.507328,127.241302,19.255,293064472,"가락마을8단지,가재마을4단지",56
2026-10-09T23:04:05,293000283,세종70자1749,36.421496,127.297871,33.989,186004229,반석역,68
2026-10-09T23:04:05,293000283,세종70자1750,36.391245,127.315075,37.154,186004229,반석역,28
2026-10-09T23:04:35,293000282,세종70자1751,36.495776,127.249006,16.248,293064263,다정동커뮤니티센터,39
2026-10-09T23:04:35,293000282,세종70자1753,36.570677,127.290365,28.83,293064249,봉암리,69
2026-10-09T23:04:35,293000282,세종70자1748,36.618944,127.327122,37.296,270050300,오송3리,8
2026-10-09T23:04:35,293000282,세종70자1752,36.619681,127.326456,37.432,270054837,오송역종점,16
2026-10-09T23:04:35,293000282,세종70자1744,36.619323,127.326841,37.404,270054837,오송역종점,36
2026-10-09T23:04:35,293000283,세종70자1743,36.584178,127.292695,7.125,293900004,번암안동네,45
2026-10-09T23:04:35,293000283,세종70자1746,36.503062,127.240971,19.724,293064473,"종촌초등학교(가락마을6,7단지)",49
2026-10-09T23:04:35,293000283,세종70자1749,36.425096,127.293553,33.921,186004229,반석역,69
2026-10-09T23:04:35,293000283,세종70자1750,36.391245,127.315075,37.154,186004229,반석역,28
2026-10-09T23:05:05,293000282,세종70자1751,36.499138,127.249123,16.622,293064307,"가온마을6,9단지",31
2026-10-09T23:05:05,293000282,세종70자1753,36.574818,127.291593,29.382,293064249,봉암리,38
2026-10-09T23:05:05,293000282,세종70자1748,36.618944,127.327122,37.296,270050300,오송3리,8
2026-10-09T23:05:05,293000282,세종70자1752,36.619681,127.326456,37.432,270054837,오송역종점,16
2026-10-09T23:05:05,293000282,세종70자1744,36.619323,127.326841,37.404,270054837,오송역종점,36
2026-10-09T23:05:05,293000283,세종70자1743,36.580031,127.292885,7.584,293900004,번암안동네,65
2026-10-09T23:05:05,293000283,세종70자1746,36.49979299,127.24052,20.09,293064473,"종촌초등학교(가락마을6,7단지)",30
2026-10-09T23:05:05,293000283,세종70자1749,36.428669,127.288914,32.282,186004229,반석역,68
2026-10-09T23:05:05,293000283,세종70자1750,36.391245,127.315075,37.154,186004229,반석역,28
2026-10-09T23:05:36,293000282,세종70자1751,36.49953699,127.244909,17.0,293064307,"가온마을6,9단지",48
2026-10-09T23:05:36,293000282,세종70자1753,36.575393,127.291792,29.382,293064249,봉암리,28
2026-10-09T23:05:36,293000282,세종70자1748,36.618944,127.327122,37.296,270050300,오송3리,8
2026-10-09T23:05:36,293000282,세종70자1752,36.619681,127.326456,37.432,270054837,오송역종점,16
2026-10-09T23:05:36,293000282,세종70자1744,36.619323,127.326841,37.404,270054837,오송역종점,36
2026-10-09T23:05:36,293000283,세종70자1743,36.575873,127.291745,8.062,293016126,월하리,49
2026-10-09T23:05:36,293000283,세종70자1746,36.499467,127.243527,20.5,293064145,다빛초등학교(가온마을3단지),33
2026-10-09T23:05:36,293000283,세종70자1749,36.433294,127.286295,32.163,186004229,반석역,68
2026-10-09T23:05:36,293000283,세종70자1750,36.391245,127.315075,37.154,186004229,반석역,28
2026-10-09T23:06:07,293000282,세종70자1751,36.499738,127.24185,17.408,293064144,다빛초등학교(가재마을1단지),34
2026-10-09T23:06:07,293000282,세종70자1753,36.578375,127.292788,29.742,293016127,월하리,45
2026-10-09T23:06:07,293000282,세종70자1748,36.618944,127.327122,37.296,270050300,오송3리,8
2026-10-09T23:06:07,293000282,세종70자1752,36.619681,127.326456,37.432,270054837,오송역종점,16
2026-10-09T23:06:07,293000282,세종70자1744,36.619323,127.326841,37.404,270054837,오송역종점,36
2026-10-09T23:06:07,293000283,세종70자1743,36.571077,127.290378,8.671,293016126,월하리,68
2026-10-09T23:06:07,293000283,세종70자1746,36.499385,127.244643,20.5,293064145,다빛초등학교(가온마을3단지),33
2026-10-09T23:06:07,293000283,세종70자1749,36.438604,127.286105,31.993,186004229,반석역,68
2026-10-09T23:06:07,293000283,세종70자1750,36.391245,127.315075,37.154,186004229,반석역,28
2026-10-09T23:06:37,293000282,세종70자1751,36.502209,127.241027,17.685,293064144,다빛초등학교(가재마을1단지),59
2026-10-09T23:06:37,293000282,세종70자1753,36.581936,127.293154,30.047,293016127,월하리,44
2026-10-09T23:06:37,293000282,세종70자1748,36.618944,127.327122,37.296,270050300,오송3리,8
2026-10-09T23:06:37,293000282,세종70자1752,36.619681,127.326456,37.432,270054837,오송역종점,16
2026-10-09T23:06:37,293000282,세종70자1744,36.619323,127.326841,37.404,270054837,오송역종점,36
2026-10-09T23:06:37,293000283,세종70자1743,36.566241,127.288844,9.161,293016126,월하리,68
2026-10-09T23:06:37,293000283,세종70자1746,36.499354,127.245066,20.5,293064145,다빛초등학교(가온마을3단지),33
2026-10-09T23:06:37,293000283,세종70자1749,36.443578,127.286047,30.589,186004229,반석역,68
2026-10-09T23:06:37,293000283,세종70자1750,36.391245,127.315075,37.154,186004229,반석역,28
2026-10-09T23:07:07,293000282,세종70자1751,36.50424499,127.241319,17.928,293064474,종촌초등학교(가재마을3단지),41
2026-10-09T23:07:07,293000282,세종70자1753,36.582717,127.29309,30.047,293016127,월하리,27
2026-10-09T23:07:07,293000282,세종70자1748,36.618944,127.327122,37.296,270050300,오송3리,8
2026-10-09T23:07:07,293000282,세종70자1752,36.619681,127.326456,37.432,270054837,오송역종점,16
2026-10-09T23:07:07,293000282,세종70자1744,36.619323,127.326841,37.404,270054837,오송역종점,36
2026-10-09T23:07:07,293000283,세종70자1743,36.562296,127.285719,9.695,293064250,봉암리,63
2026-10-09T23:07:07,293000283,세종70자1746,36.49859099,127.248999,20.952,293064262,"가온마을6,9단지",29
2026-10-09T23:07:07,293000283,세종70자1749,36.44871,127.285943,30.328,186004229,반석역,68
2026-10-09T23:07:07,293000283,세종70자1750,36.391245,127.315075,37.154,186004229,반석역,28
2026-10-09T23:07:37,293000282,세종70자1751,36.507474,127.241528,18.29,293064475,"가락마을8단지,가재마을4단지",34
2026-10-09T23:07:37,293000282,세종70자1753,36.58805799,127.292283,30.79,293001054,번암아파트 후문,42
2026-10-09T23:07:37,293000282,세종70자1748,36.618944,127.327122,37.296,270050300,오송3리,8
2026-10-09T23:07:37,293000282,세종70자1752,36.619681,127.326456,37.432,270054837,오송역종점,16
2026-10-09T23:07:37,293000282,세종70자1744,36.619323,127.326841,37.404,270054837,오송역종점,36
2026-10-09T23:07:37,293000283,세종70자1743,36.558418,127.281135,10.259,293064250,봉암리,68
2026-10-09T23:07:37,293000283,세종70자1746,36.497598,127.248857,21.086,293064262,"가온마을6,9단지",12
2026-10-09T23:07:37,293000283,세종70자1749,36.453681,127.284507,30.222,186004229,반석역,68
2026-10-09T23:07:37,293000283,세종70자1750,36.391245,127.315075,37.154,186004229,반석역,28
2026-10-09T23:08:08,293000282,세종70자1751,36.508477,127.241553,18.393,293064475,"가락마을8단지,가재마을4단지",31
2026-10-09T23:08:08,293000282,세종70자1753,36.590298,127.29196,31.076,293001053,자이아파트,44
2026-10-09T23:08:08,293000282,세종70자1748,36.618944,127.327122,37.296,270050300,오송3리,8
2026-10-09T23:08:08,293000282,세종70자1752,36.619681,127.326456,37.432,270054837,오송역종점,16
2026-10-09T23:08:08,293000282,세종70자1744,36.619323,127.326841,37.404,270054837,오송역종점,36
2026-10-09T23:08:08,293000283,세종70자1743,36.553797,127.278469,10.982,293064250,봉암리,47
2026-10-09T23:08:08,293000283,세종70자1746,36.497561,127.248855,21.086,293064262,"가온마을6,9단지",12
2026-10-09T23:08:08,293000283,세종70자1749,36.458078,127.281206,28.86,186004229,반석역,68
2026-10-09T23:08:08,293000283,세종70자1750,36.391245,127.315075,37.154,186004229,반석역,28
2026-10-09T23:08:38,293000282,세종70자1751,36.508477,127.241553,18.393,293064475,"가락마을8단지,가재마을4단지",31
2026-10-09T23:08:38,293000282,세종70자1753,36.591398,127.291875,31.197,293001053,자이아파트,21
2026-10-09T23:08:38,293000282,세종70자1748,36.618944,127.327122,37.296,270050300,오송3리,8
2026-10-09T23:08:38,293000282,세종70자1752,36.619681,127.326456,37.432,270054837,오송역종점,16
2026-10-09T23:08:38,293000282,세종70자1744,36.619323,127.326841,37.404,270054837,오송역종점,36
2026-10-09T23:08:38,293000283,세종70자1743,36.55301,127.278045,10.982,293900057,연기리,35
2026-10-09T23:08:38,293000283,세종70자1746,36.495873,127.248779,21.26,293064262,"가온마을6,9단지",32
2026-10-09T23:08:38,293000283,세종70자1749,36.462023,127.277149,28.651,186004229,반석역,68
2026-10-09T23:08:38,293000283,세종70자1750,36.391245,127.315075,37.154,186004229,반석역,28
2026-10-09T23:09:08,293000282,세종70자1751,36.509512,127.241555,18.422,293064475,"가락마을8단지,가재마을4단지",44
2026-10-09T23:09:08,293000282,세종70자1753,36.5914,127.291878,31.197,293001053,자이아파트,21
2026-10-09T23:09:08,293000282,세종70자1748,36.618944,127.327122,37.296,270050300,오송3리,8
2026-10-09T23:09:08,293000282,세종70자1752,36.619681,127.326456,37.432,270054837,오송역종점,16
2026-10-09T23:09:08,293000282,세종70자1744,36.619323,127.326841,37.404,270054837,오송역종점,36
2026-10-09T23:09:08,293000283,세종70자1743,36.55301,127.278045,10.982,293900057,연기리,35
2026-10-09T23:09:08,293000283,세종70자1746,36.493691,127.248972,21.514,293064264,다정동커뮤니티센터,53
2026-10-09T23:09:08,293000283,세종70자1749,36.466597,127.275214,28.224,186004229,반석역,57
2026-10-09T23:09:08,293000283,세종70자1750,36.391245,127.315075,37.154,186004229,반석역,28
2026-10-09T23:09:38,293000282,세종70자1751,36.511924,127.241665,18.776,293064204,"시립도서관,대법원등기정보센터",12
2026-10-09T23:09:38,293000282,세종70자1753,36.594368,127.29141,31.513,293064033,신흥사거리,34
2026-10-09T23:09:38,293000282,세종70자1748,36.618944,127.327122,37.296,270050300,오송3리,8
2026-10-09T23:09:38,293000282,세종70자1752,36.619681,127.326456,37.432,270054837,오송역종점,16
2026-10-09T23:09:38,293000282,세종70자1744,36.619323,127.326841,37.404,270054837,오송역종점,36
2026-10-09T23:09:38,293000283,세종70자1743,36.55301,127.278045,10.982,293900057,연기리,35
2026-10-09T23:09:38,293000283,세종70자1746,36.490691,127.249661,21.876,293064370,"가온마을4,7단지",18
2026-10-09T23:09:38,293000283,세종70자1749,36.469202,127.274805,28.188,186004229,반석역,25
2026-10-09T23:09:38,293000283,세종70자1750,36.391245,127.315075,37.154,186004229,반석역,28
2026-10-09T23:10:08,293000282,세종70자1751,36.511874,127.243502,18.998,293064204,"시립도서관,대법원등기정보센터",12
2026-10-09T23:10:08,293000282,세종70자1753,36.595166,127.291319,31.584,293064033,신흥사거리,16
2026-10-09T23:10:08,293000282,세종70자1748,36.618944,127.327122,37.296,270050300,오송3리,8
2026-10-09T23:10:08,293000282,세종70자1752,36.619681,127.326456,37.432,270054837,오송역종점,16
2026-10-09T23:10:08,293000282,세종70자1744,36.619323,127.326841,37.404,270054837,오송역종점,36
2026-10-09T23:10:08,293000283,세종70자1743,36.550945,127.276655,11.225,293900057,연기리,62
2026-10-09T23:10:08,293000283,세종70자1746,36.490131,127.246693,22.155,293064370,"가온마을4,7단지",30
2026-10-09T23:10:08,293000283,세종70자1749,36.468794,127.272089,28.026,186004229,반석역,1
2026-10-09T23:10:08,293000283,세종70자1750,36.391245,127.315075,37.154,186004229,반석역,28
2026-10-09T23:10:39,293000282,세종70자1751,36.51174,127.246387,19.215,293064204,"시립도서관,대법원등기정보센터",48
2026-10-09T23:10:39,293000282,세종70자1753,36.595495,127.294097,31.854,293064147,세종시보건소(대동초),38
2026-10-09T23:10:39,293000282,세종70자1748,36.618944,127.327122,37.296,270050300,오송3리,8
2026-10-09T23:10:39,293000282,세종70자1752,36.619681,127.326456,37.432,270054837,오송역종점,16
2026-10-09T23:10:39,293000282,세종70자1744,36.619323,127.326841,37.404,270054837,오송역종점,36
2026-10-09T23:10:39,293000283,세종70자1743,36.546557,127.273478,11.882,293900057,연기리,69
2026-10-09T23:10:39,293000283,세종70자1746,36.489376,127.244051,22.467,293064361,"새뜸마을4단지,가온마을1단지",30
2026-10-09T23:10:39,293000283,세종70자1749,36.468899,127.271918,27.939,186004229,반석역,1
2026-10-09T23:10:39,293000283,세종70자1750,36.391245,127.315075,37.154,186004229,반석역,28
2026-10-09T23:11:09,293000282,세종70자1751,36.51167199,127.248166,19.293,293061003,아름동커뮤니티센터,40
2026-10-09T23:11:09,293000282,세종70자1753,36.59576599,127.29627,32.105,293064147,세종시보건소(대동초),24
2026-10-09T23:11:09,293000282,세종70자1748,36.618944,127.327122,37.296,270050300,오송3리,8
2026-10-09T23:11:09,293000282,세종70자1744,36.619323,127.326841,37.404,270054837,오송역종점,36
2026-10-09T23:11:09,293000283,세종70자1743,36.541783,127.270599,12.199,293900057,연기리,67
2026-10-09T23:11:09,293000283,세종70자1746,36.488829,127.243569,22.479,293064361,"새뜸마을4단지,가온마을1단지",34
2026-10-09T23:11:09,293000283,세종70자1749,36.468884,127.271845,27.134,293053008,한솔동(첫마을),6
2026-10-09T23:11:09,293000283,세종70자1750,36.391245,127.315075,37.154,186004229,반석역,28
2026-10-09T23:11:39,293000282,세종70자1751,36.511579,127.249652,19.56,293061003,아름동커뮤니티센터,40
2026-10-09T23:11:39,293000282,세종70자1753,36.596736,127.298993,32.381,293001093,조치원1927아트센터,23
2026-10-09T23:11:39,293000282,세종70자1748,36.618944,127.327122,37.296,270050300,오송3리,8
2026-10-09T23:11:39,293000282,세종70자1744,36.619323,127.326841,37.404,270054837,오송역종점,36
2026-10-09T23:11:39,293000283,세종70자1743,36.537651,127.267052,12.938,293900057,연기리,67
2026-10-09T23:11:39,293000283,세종70자1746,36.485317,127.245353,22.94,293064313,"세종기상관측소(새뜸3,4단지)",45
2026-10-09T23:11:39,293000283,세종70자1749,36.468921,127.271861,27.134,293053008,한솔동(첫마을),6
2026-10-09T23:11:39,293000283,세종70자1750,36.391245,127.315075,37.154,186004229,반석역,28
2026-10-09T23:12:09,293000282,세종70자1751,36.5126,127.250338,19.675,293064054,"범지기마을8,12단지",20
2026-10-09T23:12:09,293000282,세종70자1753,36.599718,127.298434,32.751,293001090,조치원전통시장,47
2026-10-09T23:12:09,293000282,세종70자1748,36.618944,127.327122,37.296,270050300,오송3리,8
2026-10-09T23:12:09,293000282,세종70자1744,36.619323,127.326841,37.404,270054837,오송역종점,36
2026-10-09T23:12:09,293000283,세종70자1743,36.535748,127.261383,13.427,293900057,연기리,68
2026-10-09T23:12:09,293000283,세종70자1746,36.482534,127.246004,23.26,293064389,"새뜸마을1,2단지",50
2026-10-09T23:12:09,293000283,세종70자1749,36.468921,127.271861,27.134,293053008,한솔동(첫마을),6
2026-10-09T23:12:09,293000283,세종70자1750,36.391245,127.315075,37.154,186004229,반석역,28
2026-10-09T23:12:39,293000282,세종70자1751,36.515102,127.250988,19.957,293064055,아름초등학교,25
2026-10-09T23:12:39,293000282,세종70자1753,36.601283,127.297012,32.983,293001084,조치원역,27
2026-10-09T23:12:39,293000282,세종70자1748,36.618944,127.327122,37.296,270050300,오송3리,8
2026-10-09T23:12:39,293000282,세종70자1744,36.619323,127.326841,37.404,270054837,오송역종점,36
2026-10-09T23:12:39,293000283,세종70자1743,36.534044,127.255324,14.053,293900057,연기리,69
2026-10-09T23:12:39,293000283,세종70자1746,36.47924,127.246272,23.623,293064389,"새뜸마을1,2단지",19
2026-10-09T23:12:39,293000283,세종70자1749,36.469001,127.271923,27.134,293053008,한솔동(첫마을),6
2026-10-09T23:12:39,293000283,세종70자1750,36.391245,127.315075,37.154,186004229,반석역,28
2026-10-09T23:13:10,293000282,세종70자1751,36.516504,127.251565,20.123,293064055,아름초등학교,39
2026-10-09T23:13:10,293000282,세종70자1753,36.601004,127.297098,33.056,293001090,조치원전통시장,13
2026-10-09T23:13:10,293000282,세종70자1748,36.618944,127.327122,37.296,270050300,오송3리,8
2026-10-09T23:13:10,293000282,세종70자1744,36.619323,127.326841,37.404,270054837,오송역종점,36
2026-10-09T23:13:10,293000283,세종70자1743,36.530717,127.250433,14.638,293900057,연기리,69
2026-10-09T23:13:10,293000283,세종70자1746,36.480628,127.250677,24.046,293064359,새롬중학교(새뜸마을1단지),31
2026-10-09T23:13:10,293000283,세종70자1749,36.469001,127.271923,27.134,293053008,한솔동(첫마을),6
2026-10-09T23:13:10,293000283,세종70자1750,36.391245,127.315075,37.154,186004229,반석역,28
2026-10-09T23:13:40,293000282,세종70자1751,36.51876,127.252451,20.399,293064056,범지기마을10단지,20
2026-10-09T23:13:40,293000282,세종70자1753,36.601401,127.299438,33.248,293064527,조치원전통시장 북측,31
2026-10-09T23:13:40,293000282,세종70자1748,36.618944,127.327122,37.296,270050300,오송3리,8
2026-10-09T23:13:40,293000282,세종70자1744,36.619323,127.326841,37.404,270054837,오송역종점,36
2026-10-09T23:13:40,293000283,세종70자1743,36.525559,127.248174,15.106,293900057,연기리,68
2026-10-09T23:13:40,293000283,세종70자1746,36.481761,127.25438,24.327,293064359,새롬중학교(새뜸마을1단지),69
2026-10-09T23:13:40,293000283,세종70자1749,36.469001,127.271923,27.134,293053008,한솔동(첫마을),6
2026-10-09T23:13:40,293000283,세종70자1750,36.391245,127.315075,37.154,186004229,반석역,28
2026-10-09T23:14:10,293000282,세종70자1751,36.519214,127.25245,20.432,293064056,범지기마을10단지,23
2026-10-09T23:14:10,293000282,세종70자1753,36.601496,127.300269,33.363,293064527,조치원전통시장 북측,19
2026-10-09T23:14:10,293000282,세종70자1748,36.618944,127.327122,37.296,270050300,오송3리,8
2026-10-09T23:14:10,293000282,세종70자1744,36.619323,127.326841,37.404,270054837,오송역종점,36
2026-10-09T23:14:10,293000283,세종70자1743,36.521321,127.244447,15.106,293900057,연기리,69
2026-10-09T23:14:10,293000283,세종70자1746,36.483781,127.259624,24.955,293064009,첫마을1단지,14
2026-10-09T23:14:10,293000283,세종70자1749,36.469001,127.271923,27.134,293053008,한솔동(첫마을),6
2026-10-09T23:14:10,293000283,세종70자1750,36.391245,127.315075,37.154,186004229,반석역,28
2026-10-09T23:14:40,293000282,세종70자1751,36.519214,127.25245,20.432,293064056,범지기마을10단지,23
2026-10-09T23:14:40,293000282,세종70자1753,36.60160599,127.30116,33.414,293064527,조치원전통시장 북측,16
2026-10-09T23:14:40,293000282,세종70자1748,36.618944,127.327122,37.296,270050300,오송3리,8
2026-10-09T23:14:40,293000282,세종70자1744,36.619323,127.326841,37.404,270054837,오송역종점,36
2026-10-09T23:14:40,293000283,세종70자1743,36.518931,127.24425,16.287,293064099,"범지기3,9단지(청소년센터)",42
2026-10-09T23:14:40,293000283,세종70자1746,36.48072899,127.261925,25.378,293053008,한솔동(첫마을),56
2026-10-09T23:14:40,293000283,세종70자1749,36.469001,127.271923,27.134,293053008,한솔동(첫마을),6
2026-10-09T23:14:40,293000283,세종70자1750,36.391245,127.315075,37.154,186004229,반석역,28
2026-10-09T23:15:10,293000282,세종70자1751,36.519354,127.249733,20.671,293064102,범지기마을10단지 북측,35
2026-10-09T23:15:10,293000282,세종70자1753,36.60233,127.303209,33.508,293001094,조치원버스터미널,21
2026-10-09T23:15:10,293000282,세종70자1748,36.618944,127.327122,37.296,270050300,오송3리,8
2026-10-09T23:15:10,293000282,세종70자1744,36.619323,127.326841,37.404,270054837,오송역종점,36
2026-10-09T23:15:10,293000283,세종70자1743,36.518699,127.245329,16.374,293064099,"범지기3,9단지(청소년센터)",16
2026-10-09T23:15:10,293000283,세종70자1746,36.479454,127.262817,25.564,293053008,한솔동(첫마을),56
2026-10-09T23:15:10,293000283,세종70자1749,36.469001,127.271923,27.134,293053008,한솔동(첫마을),6
2026-10-09T23:15:10,293000283,세종70자1750,36.391245,127.315075,37.154,186004229,반석역,28
2026-10-09T23:15:41,293000282,세종70자1751,36.519189,127.249017,20.796,293064102,범지기마을10단지 북측,14
2026-10-09T23:15:41,293000282,세종70자1753,36.602919,127.304521,33.806,293001094,조치원버스터미널,32
2026-10-09T23:15:41,293000282,세종70자1748,36.618944,127.327122,37.296,270050300,오송3리,8
2026-10-09T23:15:41,293000282,세종70자1744,36.619323,127.326841,37.404,270054837,오송역종점,36
2026-10-09T23:15:41,293000283,세종70자1743,36.518675,127.24546,16.374,293064099,"범지기3,9단지(청소년센터)",16
2026-10-09T23:15:41,293000283,세종70자1746,36.479454,127.262817,25.564,293053008,한솔동(첫마을),56
2026-10-09T23:15:41,293000283,세종70자1749,36.469001,127.271923,27.134,293053008,한솔동(첫마을),6
2026-10-09T23:15:41,293000283,세종70자1750,36.391245,127.315075,37.154,186004229,반석역,28
2026-10-09T23:16:11,293000282,세종70자1751,36.519189,127.249017,20.796,293064102,범지기마을10단지 북측,14
2026-10-09T23:16:11,293000282,세종70자1753,36.602919,127.304521,33.806,293001094,조치원버스터미널,32
2026-10-09T23:16:11,293000282,세종70자1748,36.618944,127.327122,37.296,270050300,오송3리,8
2026-10-09T23:16:11,293000282,세종70자1744,36.619323,127.326841,37.404,270054837,오송역종점,36
2026-10-09T23:16:11,293000283,세종70자1743,36.518675,127.24546,16.374,293064099,"범지기3,9단지(청소년센터)",16
2026-10-09T23:16:11,293000283,세종70자1749,36.469001,127.271923,27.134,293053008,한솔동(첫마을),6
2026-10-09T23:16:11,293000283,세종70자1746,36.479196,127.263003,25.564,293053008,한솔동(첫마을),35
2026-10-09T23:16:41,293000282,세종70자1751,36.51912,127.248725,20.84,293064102,범지기마을10단지 북측,27
2026-10-09T23:16:41,293000282,세종70자1753,36.603737,127.30665,33.968,293001094,조치원버스터미널,50
2026-10-09T23:16:41,293000282,세종70자1748,36.618944,127.327122,37.296,270050300,오송3리,8
2026-10-09T23:16:41,293000282,세종70자1744,36.619323,127.326841,37.404,270054837,오송역종점,36
2026-10-09T23:16:41,293000283,세종70자1743,36.518816,127.247814,16.575,293064099,"범지기3,9단지(청소년센터)",43
2026-10-09T23:16:41,293000283,세종70자1749,36.469001,127.271923,27.134,293053008,한솔동(첫마을),6
2026-10-09T23:16:41,293000283,세종70자1746,36.476809,127.264774,25.781,293053008,한솔동(첫마을),67
2026-10-09T23:17:11,293000282,세종70자1751,36.518946,127.244647,21.213,293064100,"범지기3,9단지(청소년센터)",43
2026-10-09T23:17:11,293000282,세종70자1753,36.605142,127.310853,34.292,293001094,조치원버스터미널,68
2026-10-09T23:17:11,293000282,세종70자1748,36.618944,127.327122,37.296,270050300,오송3리,8
2026-10-09T23:17:11,293000282,세종70자1744,36.619323,127.326841,37.404,270054837,오송역종점,36
2026-10-09T23:17:11,293000283,세종70자1743,36.519062,127.249102,16.708,293064101,범지기마을10단지 북측,35
2026-10-09T23:17:11,293000283,세종70자1749,36.469001,127.271923,27.134,293053008,한솔동(첫마을),6
2026-10-09T23:17:11,293000283,세종70자1746,36.472091,127.268194,26.478,293053008,한솔동(첫마을),68
2026-10-09T23:17:41,293000282,세종70자1751,36.52119299,127.244907,21.653,293064100,"범지기3,9단지(청소년센터)",60
2026-10-09T23:17:41,293000282,세종70자1753,36.607044,127.316572,34.921,293001094,조치원버스터미널,68
2026-10-09T23:17:41,293000282,세종70자1748,36.618944,127.327122,37.296,270050300,오송3리,8
2026-10-09T23:17:41,293000282,세종70자1744,36.619323,127.326841,37.404,270054837,오송역종점,36
2026-10-09T23:17:41,293000283,세종70자1743,36.519351,127.250536,16.832,293064101,범지기마을10단지 북측,48
2026-10-09T23:17:41,293000283,세종70자1749,36.469001,127.271923,27.134,293053008,한솔동(첫마을),6
2026-10-09T23:17:41,293000283,세종70자1746,36.470041,127.271592,26.855,293053008,한솔동(첫마을),46
2026-10-09T23:18:12,293000282,세종70자1751,36.523532,127.247419,22.001,293064100,"범지기3,9단지(청소년센터)",67
2026-10-09T23:18:12,293000282,세종70자1753,36.608364,127.320451,35.314,293001094,조치원버스터미널,3
2026-10-09T23:18:12,293000282,세종70자1748,36.618944,127.327122,37.296,270050300,오송3리,8
2026-10-09T23:18:12,293000282,세종70자1744,36.619323,127.326841,37.404,270054837,오송역종점,36
2026-10-09T23:18:12,293000283,세종70자1743,36.519016,127.252318,17.069,293061007,범지기마을10단지,29
2026-10-09T23:18:12,293000283,세종70자1746,36.468997,127.271302,27.071,293053008,한솔동(첫마을),46
2026-10-09T23:18:42,293000282,세종70자1751,36.528559,127.249265,22.6,293064100,"범지기3,9단지(청소년센터)",67
2026-10-09T23:18:42,293000282,세종70자1753,36.608896,127.322023,35.458,293001094,조치원버스터미널,53
2026-10-09T23:18:42,293000282,세종70자1748,36.618944,127.327122,37.296,270050300,오송3리,8
2026-10-09T23:18:42,293000282,세종70자1744,36.619323,127.326841,37.404,270054837,오송역종점,36
2026-10-09T23:18:42,293000283,세종70자1743,36.518182,127.252155,17.182,293061007,범지기마을10단지,29
2026-10-09T23:18:42,293000283,세종70자1746,36.468997,127.271302,27.071,293053008,한솔동(첫마을),46
2026-10-09T23:19:12,293000282,세종70자1751,36.532616,127.252908,23.161,293064100,"범지기3,9단지(청소년센터)",68
2026-10-09T23:19:12,293000282,세종70자1753,36.610773,127.327463,35.99,270050300,오송3리,68
2026-10-09T23:19:12,293000282,세종70자1748,36.618944,127.327122,37.296,270050300,오송3리,8
2026-10-09T23:19:12,293000282,세종70자1744,36.619323,127.326841,37.404,270054837,오송역종점,36
2026-10-09T23:19:12,293000283,세종70자1743,36.51818,127.252156,17.182,293061007,범지기마을10단지,29
2026-10-09T23:19:12,293000283,세종70자1746,36.46873699,127.272621,27.196,293053008,한솔동(첫마을),46
2026-10-09T23:19:42,293000282,세종70자1751,36.535257,127.260451,23.482,293064100,"범지기3,9단지(청소년센터)",69
2026-10-09T23:19:42,293000282,세종70자1753,36.61329,127.331553,36.444,270050300,오송3리,45
2026-10-09T23:19:42,293000282,세종70자1748,36.618944,127.327122,37.296,270050300,오송3리,8
2026-10-09T23:19:42,293000282,세종70자1744,36.619323,127.326841,37.404,270054837,오송역종점,36
2026-10-09T23:19:42,293000283,세종70자1743,36.518171,127.252154,17.182,293061007,범지기마을10단지,8
2026-10-09T23:19:42,293000283,세종70자1746,36.469025,127.274622,27.377,293055059,세종고속시외버스터미널,23
2026-10-09T23:20:12,293000282,세종70자1751,36.536494,127.264731,23.482,293064100,"범지기3,9단지(청소년센터)",69
2026-10-09T23:20:12,293000282,세종70자1753,36.613547,127.331979,36.496,270050300,오송3리,45
2026-10-09T23:20:12,293000282,세종70자1748,36.618944,127.327122,37.296,270050300,오송3리,8
2026-10-09T23:20:12,293000282,세종70자1744,36.619323,127.326841,37.404,270054837,오송역종점,36
2026-10-09T23:20:12,293000283,세종70자1743,36.51613,127.251194,17.373,293061007,범지기마을10단지,39
2026-10-09T23:20:12,293000283,세종70자1746,36.46778,127.274919,27.643,293055059,세종고속시외버스터미널,23
2026-10-09T23:20:43,293000282,세종70자1751,36.539791,127.269524,24.909,293064100,"범지기3,9단지(청소년센터)",69
2026-10-09T23:20:43,293000282,세종70자1753,36.616351,127.329514,36.923,270050300,오송3리,66
2026-10-09T23:20:43,293000282,세종70자1748,36.618944,127.327122,37.296,270050300,오송3리,8
2026-10-09T23:20:43,293000282,세종70자1744,36.619323,127.326841,37.404,270054837,오송역종점,36
2026-10-09T23:20:43,293000283,세종70자1743,36.51421599,127.250526,17.614,293061006,아름초등학교,43
2026-10-09T23:20:43,293000283,세종70자1746,36.467781,127.274918,27.643,293055059,세종고속시외버스터미널,23
2026-10-09T23:21:13,293000282,세종70자1751,36.544587,127.272426,25.467,293064100,"범지기3,9단지(청소년센터)",67
2026-10-09T23:21:13,293000282,세종70자1753,36.617438,127.328277,37.082,270050300,오송3리,41
2026-10-09T23:21:13,293000282,세종70자1748,36.618944,127.327122,37.296,270050300,오송3리,8
2026-10-09T23:21:13,293000282,세종70자1744,36.619323,127.326841,37.404,270054837,오송역종점,36
2026-10-09T23:21:13,293000283,세종70자1743,36.511693,127.249902,17.932,293061006,아름초등학교,16
2026-10-09T23:21:13,293000283,세종70자1746,36.467781,127.274918,27.643,293055059,세종고속시외버스터미널,23
2026-10-09T23:21:43,293000282,세종70자1751,36.548956,127.275325,26.089,293064100,"범지기3,9단지(청소년센터)",69
2026-10-09T23:21:43,293000282,세종70자1748,36.618944,127.327122,37.296,270050300,오송3리,8
2026-10-09T23:21:43,293000282,세종70자1744,36.619323,127.326841,37.404,270054837,오송역종점,36
2026-10-09T23:21:43,293000282,세종70자1753,36.619253,127.326846,37.324,270054837,오송역종점,38
2026-10-09T23:21:43,293000283,세종70자1743,36.511825,127.247391,18.207,293061002,아름동커뮤니티센터,39
2026-10-09T23:21:43,293000283,세종70자1746,36.467289,127.274994,27.643,293055059,세종고속시외버스터미널,44
2026-10-09T23:22:13,293000282,세종70자1751,36.553254,127.278293,26.515,293900056,연기리,67
2026-10-09T23:22:13,293000282,세종70자1748,36.618944,127.327122,37.296,270050300,오송3리,8
2026-10-09T23:22:13,293000282,세종70자1744,36.619323,127.326841,37.404,270054837,오송역종점,36
2026-10-09T23:22:13,293000282,세종70자1753,36.619668,127.326356,37.432,270054837,오송역종점,21
2026-10-09T23:22:13,293000283,세종70자1743,36.511995,127.243107,18.502,293061002,아름동커뮤니티센터,66
2026-10-09T23:22:13,293000283,세종70자1746,36.462394,127.276642,28.224,293055059,세종고속시외버스터미널,68
2026-10-09T23:22:43,293000282,세종70자1751,36.557928,127.280894,27.156,293900056,연기리,68
2026-10-09T23:22:43,293000282,세종70자1748,36.618944,127.327122,37.296,270050300,오송3리,8
2026-10-09T23:22:43,293000282,세종70자1744,36.619323,127.326841,37.404,270054837,오송역종점,36
2026-10-09T23:22:43,293000282,세종70자1753,36.619668,127.326356,37.432,270054837,오송역종점,21
2026-10-09T23:22:43,293000283,세종70자1743,36.50873399,127.24136,19.076,293064203,"시립도서관,대법원등기정보센터",66
2026-10-09T23:22:43,293000283,세종70자1746,36.458455,127.28068,28.777,293055059,세종고속시외버스터미널,67
2026-10-09T23:23:14,293000282,세종70자1751,36.561083,127.284215,27.616,293064249,봉암리,26
2026-10-09T23:23:14,293000282,세종70자1748,36.618944,127.327122,37.296,270050300,오송3리,8
2026-10-09T23:23:14,293000282,세종70자1744,36.619323,127.326841,37.404,270054837,오송역종점,36
2026-10-09T23:23:14,293000282,세종70자1753,36.619668,127.326356,37.432,270054837,오송역종점,21
2026-10-09T23:23:14,293000283,세종70자1743,36.50738299,127.241359,19.255,293064472,"가락마을8단지,가재마을4단지",44
2026-10-09T23:23:14,293000283,세종70자1746,36.451458,127.28527,29.683,293055059,세종고속시외버스터미널,68
2026-10-09T23:23:44,293000282,세종70자1751,36.561251,127.284429,27.65,293064249,봉암리,26
2026-10-09T23:23:44,293000282,세종70자1748,36.618944,127.327122,37.296,270050300,오송3리,8
2026-10-09T23:23:44,293000282,세종70자1744,36.619323,127.326841,37.404,270054837,오송역종점,36
2026-10-09T23:23:44,293000282,세종70자1753,36.619668,127.326356,37.432,270054837,오송역종점,21
2026-10-09T23:23:44,293000283,세종70자1743,36.50376,127.241089,19.636,293064473,"종촌초등학교(가락마을6,7단지)",48
2026-10-09T23:23:44,293000283,세종70자1746,36.446728,127.285862,30.222,293055059,세종고속시외버스터미널,68
2026-10-09T23:24:14,293000282,세종70자1751,36.561251,127.284429,27.65,293064249,봉암리,26
2026-10-09T23:24:14,293000282,세종70자1748,36.618944,127.327122,37.296,270050300,오송3리,8
2026-10-09T23:24:14,293000282,세종70자1744,36.619323,127.326841,37.404,270054837,오송역종점,36
2026-10-09T23:24:14,293000282,세종70자1753,36.619668,127.326356,37.432,270054837,오송역종점,21
2026-10-09T23:24:14,293000283,세종70자1743,36.502402,127.240904,19.814,293064473,"종촌초등학교(가락마을6,7단지)",1
2026-10-09T23:24:14,293000283,세종70자1746,36.444858,127.285889,30.371,293055059,세종고속시외버스터미널,67
2026-10-09T23:24:44,293000282,세종70자1751,36.56162,127.285018,27.698,293064249,봉암리,42
2026-10-09T23:24:44,293000282,세종70자1748,36.618944,127.327122,37.296,270050300,오송3리,8
2026-10-09T23:24:44,293000282,세종70자1744,36.619323,127.326841,37.404,270054837,오송역종점,36
2026-10-09T23:24:44,293000282,세종70자1753,36.619668,127.326356,37.432,270054837,오송역종점,21
2026-10-09T23:24:44,293000283,세종70자1743,36.502399,127.240903,19.814,293064473,"종촌초등학교(가락마을6,7단지)",1
2026-10-09T23:24:44,293000283,세종70자1746,36.436548,127.286002,31.371,293055059,세종고속시외버스터미널,67
2026-10-09T23:25:15,293000282,세종70자1751,36.564992,127.288409,28.189,293064249,봉암리,69
2026-10-09T23:25:15,293000282,세종70자1748,36.618944,127.327122,37.296,270050300,오송3리,8
2026-10-09T23:25:15,293000282,세종70자1744,36.619323,127.326841,37.404,270054837,오송역종점,36
2026-10-09T23:25:15,293000282,세종70자1753,36.619668,127.326356,37.432,270054837,오송역종점,21
2026-10-09T23:25:15,293000283,세종70자1743,36.502399,127.240903,19.814,293064473,"종촌초등학교(가락마을6,7단지)",1
2026-10-09T23:25:15,293000283,세종70자1746,36.432162,127.28646,31.865,293055059,세종고속시외버스터미널,67
2026-10-09T23:25:45,293000282,세종70자1751,36.570604,127.290334,28.83,293064249,봉암리,68
2026-10-09T23:25:45,293000282,세종70자1748,36.618944,127.327122,37.296,270050300,오송3리,8
2026-10-09T23:25:45,293000282,세종70자1744,36.619323,127.326841,37.404,270054837,오송역종점,36
2026-10-09T23:25:45,293000282,세종70자1753,36.619668,127.326356,37.432,270054837,오송역종점,21
2026-10-09T23:25:45,293000283,세종70자1743,36.501769,127.240787,19.82,293064473,"종촌초등학교(가락마을6,7단지)",46
2026-10-09T23:25:45,293000283,세종70자1746,36.42887799,127.28855,32.126,293055059,세종고속시외버스터미널,67
2026-10-09T23:26:15,293000282,세종70자1751,36.57449,127.291489,29.241,293064249,봉암리,46
2026-10-09T23:26:15,293000282,세종70자1748,36.618944,127.327122,37.296,270050300,오송3리,8
2026-10-09T23:26:15,293000282,세종70자1744,36.619323,127.326841,37.404,270054837,오송역종점,36
2026-10-09T23:26:15,293000282,세종70자1753,36.619668,127.326356,37.432,270054837,오송역종점,21
2026-10-09T23:26:15,293000283,세종70자1743,36.499661,127.240835,20.099,293064473,"종촌초등학교(가락마을6,7단지)",31
2026-10-09T23:26:15,293000283,세종70자1749,36.46991,127.272905,27.253,293053008,한솔동(첫마을),12
2026-10-09T23:26:15,293000283,세종70자1746,36.42420099,127.294595,32.126,293055059,세종고속시외버스터미널,67
2026-10-09T23:26:45,293000282,세종70자1751,36.575367,127.291816,29.382,293064249,봉암리,24
2026-10-09T23:26:45,293000282,세종70자1748,36.618944,127.327122,37.296,270050300,오송3리,8
2026-10-09T23:26:45,293000282,세종70자1744,36.619323,127.326841,37.404,270054837,오송역종점,36
2026-10-09T23:26:45,293000282,세종70자1753,36.619668,127.326356,37.432,270054837,오송역종점,21
2026-10-09T23:26:45,293000283,세종70자1743,36.499409,127.244494,20.5,293064145,다빛초등학교(가온마을3단지),17
2026-10-09T23:26:45,293000283,세종70자1749,36.469625,127.272427,27.194,293055059,세종고속시외버스터미널,2
2026-10-09T23:26:45,293000283,세종70자1746,36.42134,127.297857,33.473,293055059,세종고속시외버스터미널,68
2026-10-09T23:27:16,293000282,세종70자1751,36.578198,127.292705,29.742,293016127,월하리,42
2026-10-09T23:27:16,293000282,세종70자1748,36.618944,127.327122,37.296,270050300,오송3리,8
2026-10-09T23:27:16,293000282,세종70자1744,36.619323,127.326841,37.404,270054837,오송역종점,36
2026-10-09T23:27:16,293000282,세종70자1753,36.619668,127.326356,37.432,270054837,오송역종점,21
2026-10-09T23:27:16,293000283,세종70자1743,36.4994,127.244624,20.5,293064145,다빛초등학교(가온마을3단지),17
2026-10-09T23:27:16,293000283,세종70자1749,36.469624,127.272436,27.194,293055059,세종고속시외버스터미널,2
2026-10-09T23:27:16,293000283,세종70자1746,36.414043,127.299963,34.31,293055059,세종고속시외버스터미널,67
2026-10-09T23:27:46,293000282,세종70자1751,36.581069,127.293155,30.036,293016127,월하리,54
2026-10-09T23:27:46,293000282,세종70자1748,36.618944,127.327122,37.296,270050300,오송3리,8
2026-10-09T23:27:46,293000282,세종70자1744,36.619323,127.326841,37.404,270054837,오송역종점,36
2026-10-09T23:27:46,293000282,세종70자1753,36.619668,127.326356,37.432,270054837,오송역종점,21
2026-10-09T23:27:46,293000283,세종70자1743,36.499372,127.245048,20.5,293064145,다빛초등학교(가온마을3단지),35
2026-10-09T23:27:46,293000283,세종70자1749,36.469608,127.272453,27.194,293055059,세종고속시외버스터미널,2
2026-10-09T23:27:46,293000283,세종70자1746,36.410335,127.301409,34.733,293055059,세종고속시외버스터미널,67
2026-10-09T23:28:16,293000282,세종70자1751,36.582576,127.293084,30.047,293016127,월하리,21
2026-10-09T23:28:16,293000282,세종70자1748,36.618944,127.327122,37.296,270050300,오송3리,8
2026-10-09T23:28:16,293000282,세종70자1744,36.619323,127.326841,37.404,270054837,오송역종점,36
2026-10-09T23:28:16,293000282,세종70자1753,36.619668,127.326356,37.432,270054837,오송역종점,21
2026-10-09T23:28:16,293000283,세종70자1743,36.499041,127.249094,20.883,293064145,다빛초등학교(가온마을3단지),14
2026-10-09T23:28:16,293000283,세종70자1749,36.469608,127.272453,27.194,293055059,세종고속시외버스터미널,2
2026-10-09T23:28:16,293000283,세종70자1746,36.405519,127.304473,35.334,293055059,세종고속시외버스터미널,68
2026-10-09T23:28:46,293000282,세종70자1751,36.587161,127.292394,30.704,293001054,번암아파트 후문,42
2026-10-09T23:28:46,293000282,세종70자1753,36.619668,127.326356,37.432,270054837,오송역종점,21
2026-10-09T23:28:46,293000282,세종70자1744,36.619323,127.326841,37.404,270054837,오송역종점,36
2026-10-09T23:28:46,293000283,세종70자1743,36.495927,127.248802,21.263,293064262,"가온마을6,9단지",47
2026-10-09T23:28:46,293000283,세종70자1749,36.469608,127.272453,27.194,293055059,세종고속시외버스터미널,2
2026-10-09T23:28:46,293000283,세종70자1746,36.40411,127.305686,35.486,293055059,세종고속시외버스터미널,68
2026-10-09T23:29:16,293000282,세종70자1751,36.588695,127.292147,30.896,293001054,번암아파트 후문,37
2026-10-09T23:29:16,293000282,세종70자1753,36.619668,127.326356,37.432,270054837,오송역종점,21
2026-10-09T23:29:16,293000282,세종70자1744,36.619323,127.326841,37.404,270054837,오송역종점,36
2026-10-09T23:29:16,293000283,세종70자1743,36.494292,127.248866,21.398,293064264,다정동커뮤니티센터,35
2026-10-09T23:29:16,293000283,세종70자1749,36.469608,127.272453,27.194,293055059,세종고속시외버스터미널,2
2026-10-09T23:29:16,293000283,세종70자1746,36.398762,127.310193,36.233,293055059,세종고속시외버스터미널,68
2026-10-09T23:29:46,293000282,세종70자1751,36.591264,127.291803,31.182,293001053,자이아파트,39
2026-10-09T23:29:46,293000282,세종70자1753,36.619668,127.326356,37.432,270054837,오송역종점,21
2026-10-09T23:29:46,293000282,세종70자1744,36.619323,127.326841,37.404,270054837,오송역종점,36
2026-10-09T23:29:46,293000283,세종70자1743,36.493983,127.248917,21.515,293064264,다정동커뮤니티센터,8
2026-10-09T23:29:46,293000283,세종70자1749,36.469608,127.272453,27.194,293055059,세종고속시외버스터미널,2
2026-10-09T23:29:46,293000283,세종70자1746,36.396076,127.311718,36.6,293055059,세종고속시외버스터미널,3
2026-10-09T23:30:17,293000282,세종70자1751,36.59435,127.291335,31.513,293064033,신흥사거리,33
2026-10-09T23:30:17,293000282,세종70자1753,36.619668,127.326356,37.432,270054837,오송역종점,21
2026-10-09T23:30:17,293000282,세종70자1744,36.619323,127.326841,37.404,270054837,오송역종점,36
2026-10-09T23:30:17,293000283,세종70자1743,36.493983,127.248917,21.515,293064264,다정동커뮤니티센터,8
2026-10-09T23:30:17,293000283,세종70자1749,36.469608,127.272453,27.194,293055059,세종고속시외버스터미널,2
2026-10-09T23:30:17,293000283,세종70자1746,36.39286,127.314,36.989,293055059,세종고속시외버스터미널,68
2026-10-09T23:30:47,293000282,세종70자1751,36.595163,127.291246,31.584,293064033,신흥사거리,11
2026-10-09T23:30:47,293000282,세종70자1753,36.619668,127.326356,37.432,270054837,오송역종점,21
2026-10-09T23:30:47,293000282,세종70자1744,36.619323,127.326841,37.404,270054837,오송역종점,36
2026-10-09T23:30:47,293000283,세종70자1743,36.493983,127.248917,21.515,293064264,다정동커뮤니티센터,8
2026-10-09T23:30:47,293000283,세종70자1749,36.469608,127.272453,27.194,293055059,세종고속시외버스터미널,2
2026-10-09T23:30:47,293000283,세종70자1746,36.391336,127.315101,37.154,186004229,반석역,65
2026-10-09T23:31:17,293000282,세종70자1751,36.595365,127.292936,31.584,293064033,신흥사거리,11
2026-10-09T23:31:17,293000282,세종70자1753,36.619668,127.326356,37.432,270054837,오송역종점,21
2026-10-09T23:31:17,293000282,세종70자1744,36.619323,127.326841,37.404,270054837,오송역종점,36
2026-10-09T23:31:17,293000283,세종70자1743,36.49177199,127.249415,21.753,293064370,"가온마을4,7단지",30
2026-10-09T23:31:17,293000283,세종70자1749,36.469608,127.272453,27.194,293055059,세종고속시외버스터미널,2
2026-10-09T23:31:17,293000283,세종70자1746,36.388095,127.317552,37.557,186004229,반석역,60
2026-10-09T23:31:47,293000282,세종70자1751,36.595365,127.292936,31.584,293064033,신흥사거리,11
2026-10-09T23:31:47,293000282,세종70자1753,36.619668,127.326356,37.432,270054837,오송역종점,21
2026-10-09T23:31:47,293000283,세종70자1743,36.491179,127.249611,21.753,293064370,"가온마을4,7단지",21
2026-10-09T23:31:47,293000283,세종70자1749,36.469608,127.272453,27.194,293055059,세종고속시외버스터미널,2
2026-10-09T23:31:47,293000283,세종70자1746,36.388823,127.317166,37.557,186004229,반석역,59
2026-10-09T23:32:17,293000282,세종70자1751,36.595509,127.294247,31.854,293064147,세종시보건소(대동초),31
2026-10-09T23:32:17,293000282,세종70자1753,36.619668,127.326356,37.432,270054837,오송역종점,21
2026-10-09T23:32:17,293000283,세종70자1743,36.490358,127.247862,22.012,293064370,"가온마을4,7단지",26
2026-10-09T23:32:17,293000283,세종70자1749,36.469608,127.272453,27.194,293055059,세종고속시외버스터미널,2
2026-10-09T23:32:17,293000283,세종70자1746,36.388823,127.317166,37.557,186004229,반석역,59
2026-10-09T23:32:48,293000282,세종70자1751,36.595759,127.296253,32.105,293064147,세종시보건소(대동초),23
2026-10-09T23:32:48,293000282,세종70자1753,36.619668,127.326356,37.432,270054837,오송역종점,21
2026-10-09T23:32:48,293000283,세종70자1743,36.489552,127.244662,22.467,293064361,"새뜸마을4단지,가온마을1단지",37
2026-10-09T23:32:48,293000283,세종70자1749,36.469608,127.272453,27.194,293055059,세종고속시외버스터미널,2
2026-10-09T23:32:48,293000283,세종70자1746,36.388823,127.317166,37.557,186004229,반석역,59
2026-10-09T23:33:18,293000282,세종70자1751,36.596691,127.298991,32.377,293001093,조치원1927아트센터,23
2026-10-09T23:33:18,293000282,세종70자1753,36.619668,127.326356,37.432,270054837,오송역종점,21
2026-10-09T23:33:18,293000283,세종70자1743,36.489067,127.243315,22.479,293064361,"새뜸마을4단지,가온마을1단지",20
2026-10-09T23:33:18,293000283,세종70자1749,36.469608,127.272453,27.194,293055059,세종고속시외버스터미널,2
2026-10-09T23:33:18,293000283,세종70자1746,36.388823,127.317166,37.557,186004229,반석역,59
2026-10-09T23:33:48,293000282,세종70자1751,36.59960499,127.298447,32.682,293001090,조치원전통시장,33
2026-10-09T23:33:48,293000282,세종70자1753,36.619668,127.326356,37.432,270054837,오송역종점,21
2026-10-09T23:33:48,293000283,세종70자1743,36.486489,127.244872,22.762,293064361,"새뜸마을4단지,가온마을1단지",35
2026-10-09T23:33:48,293000283,세종70자1749,36.469608,127.272453,27.194,293055059,세종고속시외버스터미널,2
2026-10-09T23:33:48,293000283,세종70자1746,36.388823,127.317166,37.557,186004229,반석역,59
2026-10-09T23:34:18,293000282,세종70자1751,36.601322,127.298033,32.903,293001090,조치원전통시장,20
2026-10-09T23:34:18,293000282,세종70자1753,36.619668,127.326356,37.432,270054837,오송역종점,21
2026-10-09T23:34:18,293000283,세종70자1743,36.48624,127.244969,22.856,293064361,"새뜸마을4단지,가온마을1단지",35
2026-10-09T23:34:18,293000283,세종70자1749,36.469608,127.272453,27.194,293055059,세종고속시외버스터미널,2
2026-10-09T23:34:18,293000283,세종70자1746,36.388823,127.317166,37.557,186004229,반석역,59
2026-10-09T23:34:48,293000282,세종70자1751,36.601236,127.297041,32.983,293001084,조치원역,19
2026-10-09T23:34:48,293000282,세종70자1753,36.619668,127.326356,37.432,270054837,오송역종점,21
2026-10-09T23:34:48,293000283,세종70자1743,36.485828,127.245127,22.856,293064313,"세종기상관측소(새뜸3,4단지)",35
2026-10-09T23:34:48,293000283,세종70자1749,36.469608,127.272453,27.194,293055059,세종고속시외버스터미널,2
2026-10-09T23:34:48,293000283,세종70자1746,36.388823,127.317166,37.557,186004229,반석역,59
2026-10-09T23:35:20,293000282,세종70자1751,36.60098,127.297045,33.056,293001090,조치원전통시장,2
2026-10-09T23:35:20,293000282,세종70자1753,36.619668,127.326356,37.432,270054837,오송역종점,21
2026-10-09T23:35:20,293000283,세종70자1743,36.48259,127.245978,23.26,293064389,"새뜸마을1,2단지",69
2026-10-09T23:35:20,293000283,세종70자1749,36.469608,127.272453,27.194,293055059,세종고속시외버스터미널,2
2026-10-09T23:35:20,293000283,세종70자1746,36.388823,127.317166,37.557,186004229,반석역,59
2026-10-09T23:35:50,293000282,세종70자1751,36.601182,127.298104,33.136,293001084,조치원역,24
2026-10-09T23:35:50,293000282,세종70자1753,36.619668,127.326356,37.432,270054837,오송역종점,21
2026-10-09T23:35:50,293000283,세종70자1743,36.479265,127.246248,23.623,293064389,"새뜸마을1,2단지",19
2026-10-09T23:35:50,293000283,세종70자1749,36.469608,127.272453,27.194,293055059,세종고속시외버스터미널,2
2026-10-09T23:35:50,293000283,세종70자1746,36.388823,127.317166,37.557,186004229,반석역,59
2026-10-09T23:36:20,293000282,세종70자1751,36.601594,127.301175,33.414,293064527,조치원전통시장 북측,21
2026-10-09T23:36:20,293000282,세종70자1753,36.619668,127.326356,37.432,270054837,오송역종점,21
2026-10-09T23:36:20,293000283,세종70자1743,36.480338,127.249667,24.046,293064359,새롬중학교(새뜸마을1단지),48
2026-10-09T23:36:20,293000283,세종70자1749,36.469608,127.272453,27.194,293055059,세종고속시외버스터미널,2
2026-10-09T23:36:20,293000283,세종70자1746,36.388823,127.317166,37.557,186004229,반석역,59
2026-10-09T23:36:50,293000282,세종70자1751,36.602326,127.303185,33.508,293001094,조치원버스터미널,26
2026-10-09T23:36:50,293000282,세종70자1753,36.619668,127.326356,37.432,270054837,오송역종점,21
2026-10-09T23:36:50,293000283,세종70자1743,36.480641,127.250667,24.046,293064359,새롬중학교(새뜸마을1단지),25
2026-10-09T23:36:50,293000283,세종70자1749,36.469608,127.272453,27.194,293055059,세종고속시외버스터미널,2
2026-10-09T23:36:50,293000283,세종70자1746,36.388823,127.317166,37.557,186004229,반석역,59
2026-10-09T23:37:20,293000282,세종70자1751,36.602755,127.304183,33.806,293001094,조치원버스터미널,17
2026-10-09T23:37:20,293000282,세종70자1753,36.619668,127.326356,37.432,270054837,오송역종점,21
2026-10-09T23:37:20,293000283,세종70자1743,36.48157,127.253689,24.327,293064359,새롬중학교(새뜸마을1단지),60
2026-10-09T23:37:20,293000283,세종70자1749,36.469608,127.272453,27.194,293055059,세종고속시외버스터미널,2
2026-10-09T23:37:20,293000283,세종70자1746,36.388823,127.317166,37.557,186004229,반석역,59
2026-10-09T23:37:51,293000282,세종70자1751,36.60287,127.304469,33.806,293001094,조치원버스터미널,17
2026-10-09T23:37:51,293000282,세종70자1753,36.619668,127.326356,37.432,270054837,오송역종점,21
2026-10-09T23:37:51,293000283,세종70자1743,36.483243,127.258314,24.804,293064009,첫마을1단지,36
2026-10-09T23:37:51,293000283,세종70자1746,36.388823,127.317166,37.557,186004229,반석역,59
2026-10-09T23:38:21,293000282,세종70자1751,36.603698,127.306641,33.968,293001094,조치원버스터미널,21
2026-10-09T23:38:21,293000282,세종70자1753,36.619668,127.326356,37.432,270054837,오송역종점,21
2026-10-09T23:38:21,293000283,세종70자1743,36.483779,127.259548,24.955,293064009,첫마을1단지,17
2026-10-09T23:38:21,293000283,세종70자1746,36.388823,127.317166,37.557,186004229,반석역,59
2026-10-09T23:38:51,293000282,세종70자1751,36.603799,127.306926,33.968,293001094,조치원버스터미널,21
2026-10-09T23:38:51,293000282,세종70자1753,36.619668,127.326356,37.432,270054837,오송역종점,21
2026-10-09T23:38:51,293000283,세종70자1743,36.480646,127.261971,25.378,293053008,한솔동(첫마을),54
2026-10-09T23:38:51,293000283,세종70자1746,36.388823,127.317166,37.557,186004229,반석역,59
2026-10-09T23:39:21,293000282,세종70자1751,36.604271,127.308293,34.196,293001094,조치원버스터미널,37
2026-10-09T23:39:21,293000282,세종70자1753,36.619668,127.326356,37.432,270054837,오송역종점,21
2026-10-09T23:39:21,293000283,세종70자1743,36.479621,127.262693,25.564,293053008,한솔동(첫마을),54
2026-10-09T23:39:21,293000283,세종70자1746,36.388823,127.317166,37.557,186004229,반석역,59
2026-10-09T23:39:51,293000282,세종70자1751,36.605888,127.313028,34.675,293001094,조치원버스터미널,67
2026-10-09T23:39:51,293000282,세종70자1753,36.619668,127.326356,37.432,270054837,오송역종점,21
2026-10-09T23:39:51,293000283,세종70자1743,36.479621,127.262693,25.564,293053008,한솔동(첫마을),54
2026-10-09T23:39:51,293000283,세종70자1746,36.388823,127.317166,37.557,186004229,반석역,59
2026-10-09T23:40:22,293000282,세종70자1751,36.607712,127.318485,35.314,293001094,조치원버스터미널,55
2026-10-09T23:40:22,293000282,세종70자1753,36.619668,127.326356,37.432,270054837,오송역종점,21
2026-10-09T23:40:22,293000283,세종70자1743,36.479182,127.262996,25.564,293053008,한솔동(첫마을),32
2026-10-09T23:40:22,293000283,세종70자1746,36.388823,127.317166,37.557,186004229,반석역,59
2026-10-09T23:40:52,293000282,세종70자1751,36.608387,127.320508,35.314,293001094,조치원버스터미널,55
2026-10-09T23:40:52,293000282,세종70자1753,36.619668,127.326356,37.432,270054837,오송역종점,21
2026-10-09T23:40:52,293000283,세종70자1743,36.47566,127.265569,25.781,293053008,한솔동(첫마을),68
2026-10-09T23:40:52,293000283,세종70자1746,36.388823,127.317166,37.557,186004229,반석역,59
2026-10-09T23:41:22,293000282,세종70자1751,36.60916799,127.322825,35.548,270050300,오송3리,44
2026-10-09T23:41:22,293000282,세종70자1753,36.619668,127.326356,37.432,270054837,오송역종점,21
2026-10-09T23:41:22,293000283,세종70자1743,36.471474,127.268915,26.59,293053008,한솔동(첫마을),64
2026-10-09T23:41:22,293000283,세종70자1746,36.388823,127.317166,37.557,186004229,반석역,59
2026-10-09T23:41:52,293000282,세종70자1751,36.61083399,127.327463,35.99,270050300,오송3리,57
2026-10-09T23:41:52,293000282,세종70자1753,36.619668,127.326356,37.432,270054837,오송역종점,21
2026-10-09T23:41:52,293000283,세종70자1743,36.46968,127.27148,27.071,293053008,한솔동(첫마을),39
2026-10-09T23:41:52,293000283,세종70자1746,36.388823,127.317166,37.557,186004229,반석역,59
2026-10-09T23:42:23,293000282,세종70자1751,36.61322899,127.331458,36.444,270050300,오송3리,39
2026-10-09T23:42:23,293000282,세종70자1753,36.619668,127.326356,37.432,270054837,오송역종점,21
2026-10-09T23:42:23,293000283,세종70자1743,36.469133,127.271337,27.071,293053008,한솔동(첫마을),39
2026-10-09T23:42:23,293000283,세종70자1746,36.388823,127.317166,37.557,186004229,반석역,59
2026-10-09T23:42:53,293000282,세종70자1751,36.613771,127.332245,36.543,270050300,오송3리,27
2026-10-09T23:42:53,293000282,세종70자1753,36.619668,127.326356,37.432,270054837,오송역종점,21
2026-10-09T23:42:53,293000283,세종70자1743,36.469133,127.271337,27.071,293053008,한솔동(첫마을),39
2026-10-09T23:42:53,293000283,세종70자1746,36.388823,127.317166,37.557,186004229,반석역,59
2026-10-09T23:43:23,293000282,세종70자1751,36.61636399,127.329519,36.923,270050300,오송3리,51
2026-10-09T23:43:23,293000282,세종70자1753,36.619668,127.326356,37.432,270054837,오송역종점,21
2026-10-09T23:43:23,293000283,세종70자1743,36.468777,127.272944,27.221,293055059,세종고속시외버스터미널,46
2026-10-09T23:43:23,293000283,세종70자1746,36.388823,127.317166,37.557,186004229,반석역,59
2026-10-09T23:43:53,293000282,세종70자1751,36.617118,127.328668,37.074,270050300,오송3리,7
2026-10-09T23:43:53,293000282,세종70자1753,36.619668,127.326356,37.432,270054837,오송역종점,21
2026-10-09T23:43:53,293000283,세종70자1743,36.468998,127.274644,27.377,293055059,세종고속시외버스터미널,24
2026-10-09T23:43:53,293000283,세종70자1746,36.388823,127.317166,37.557,186004229,반석역,59
2026-10-09T23:44:24,293000282,세종70자1751,36.617418,127.328309,37.082,270050300,오송3리,27
2026-10-09T23:44:24,293000282,세종70자1753,36.619668,127.326356,37.432,270054837,오송역종점,21
2026-10-09T23:44:24,293000283,세종70자1743,36.467824,127.274908,27.643,293055059,세종고속시외버스터미널,24
2026-10-09T23:44:24,293000283,세종70자1746,36.388823,127.317166,37.557,186004229,반석역,59
2026-10-09T23:44:54,293000282,세종70자1751,36.618467,127.327151,37.242,270050300,오송3리,23
2026-10-09T23:44:54,293000282,세종70자1753,36.619668,127.326356,37.432,270054837,오송역종점,21
2026-10-09T23:44:54,293000283,세종70자1743,36.467824,127.274908,27.643,293055059,세종고속시외버스터미널,24
2026-10-09T23:44:54,293000283,세종70자1746,36.388823,127.317166,37.557,186004229,반석역,59
2026-10-09T23:45:24,293000282,세종70자1751,36.619009,127.327138,37.296,270050300,오송3리,17
2026-10-09T23:45:24,293000282,세종70자1753,36.619668,127.326356,37.432,270054837,오송역종점,21
2026-10-09T23:45:24,293000283,세종70자1743,36.467824,127.274908,27.643,293055059,세종고속시외버스터미널,24
2026-10-09T23:45:24,293000283,세종70자1746,36.388823,127.317166,37.557,186004229,반석역,59
2026-10-09T23:45:54,293000282,세종70자1753,36.619668,127.326356,37.432,270054837,오송역종점,21
2026-10-09T23:45:54,293000282,세종70자1751,36.619393,127.326752,37.404,270054837,오송역종점,16
2026-10-09T23:45:54,293000283,세종70자1743,36.465558,127.275145,27.938,293055059,세종고속시외버스터미널,68
2026-10-09T23:45:54,293000283,세종70자1746,36.388823,127.317166,37.557,186004229,반석역,59
2026-10-09T23:46:25,293000282,세종70자1751,36.61871,127.326771,37.242,270050300,오송3리,18
2026-10-09T23:46:25,293000282,세종70자1753,36.619668,127.326356,37.432,270054837,오송역종점,21
2026-10-09T23:46:25,293000283,세종70자1743,36.459452,127.279634,28.651,293055059,세종고속시외버스터미널,68
2026-10-09T23:46:25,293000283,세종70자1746,36.388823,127.317166,37.557,186004229,반석역,59
2026-10-09T23:46:55,293000282,세종70자1751,36.61864,127.326848,37.242,270050300,오송3리,19
2026-10-09T23:46:55,293000282,세종70자1753,36.619668,127.326356,37.432,270054837,오송역종점,21
2026-10-09T23:46:55,293000283,세종70자1743,36.457201,127.281916,28.993,293055059,세종고속시외버스터미널,68
2026-10-09T23:46:55,293000283,세종70자1746,36.388823,127.317166,37.557,186004229,반석역,59
2026-10-09T23:47:25,293000282,세종70자1751,36.614339,127.331579,36.551,270050300,오송3리,67
2026-10-09T23:47:25,293000282,세종70자1753,36.619668,127.326356,37.432,270054837,오송역종점,21
2026-10-09T23:47:25,293000283,세종70자1743,36.45149,127.285238,29.683,293055059,세종고속시외버스터미널,68
2026-10-09T23:47:25,293000283,세종70자1746,36.388823,127.317166,37.557,186004229,반석역,59
2026-10-09T23:47:55,293000282,세종70자1751,36.611651,127.334587,36.543,270050300,오송3리,68
2026-10-09T23:47:55,293000282,세종70자1753,36.619668,127.326356,37.432,270054837,오송역종점,21
2026-10-09T23:47:55,293000283,세종70자1743,36.445511,127.285869,30.371,293055059,세종고속시외버스터미널,68
2026-10-09T23:48:25,293000282,세종70자1751,36.607988,127.339044,36.543,270050300,오송3리,68
2026-10-09T23:48:25,293000282,세종70자1753,36.619668,127.326356,37.432,270054837,오송역종점,21
2026-10-09T23:48:25,293000283,세종70자1743,36.442419,127.285904,30.767,293055059,세종고속시외버스터미널,68
2026-10-09T23:48:56,293000282,세종70자1753,36.619668,127.326356,37.432,270054837,오송역종점,21
2026-10-09T23:48:56,293000283,세종70자1743,36.436437,127.285989,31.371,293055059,세종고속시외버스터미널,68
2026-10-09T23:49:26,293000282,세종70자1753,36.619668,127.326356,37.432,270054837,오송역종점,21
2026-10-09T23:49:26,293000283,세종70자1743,36.43202,127.286492,31.868,293055059,세종고속시외버스터미널,68
2026-10-09T23:49:56,293000282,세종70자1753,36.619668,127.326356,37.432,270054837,오송역종점,21
2026-10-09T23:49:56,293000283,세종70자1743,36.426352,127.291703,32.126,293055059,세종고속시외버스터미널,68
2026-10-09T23:50:26,293000282,세종70자1753,36.619668,127.326356,37.432,270054837,오송역종점,21
2026-10-09T23:50:26,293000283,세종70자1743,36.422859,127.296344,33.248,293055059,세종고속시외버스터미널,68
2026-10-09T23:50:56,293000282,세종70자1753,36.619668,127.326356,37.432,270054837,오송역종점,21
2026-10-09T23:50:56,293000283,세종70자1743,36.420308,127.298479,33.586,293055059,세종고속시외버스터미널,69
2026-10-09T23:51:27,293000282,세종70자1753,36.619668,127.326356,37.432,270054837,오송역종점,21
2026-10-09T23:51:27,293000283,세종70자1743,36.411912,127.300691,34.535,293055059,세종고속시외버스터미널,68
2026-10-09T23:51:57,293000282,세종70자1753,36.619668,127.326356,37.432,270054837,오송역종점,21
2026-10-09T23:51:57,293000283,세종70자1743,36.410303,127.301409,34.733,293055059,세종고속시외버스터미널,68
2026-10-09T23:52:27,293000282,세종70자1753,36.619668,127.326356,37.432,270054837,오송역종점,21
2026-10-09T23:52:27,293000283,세종70자1743,36.404311,127.305496,35.486,293055059,세종고속시외버스터미널,69
2026-10-09T23:52:57,293000282,세종70자1753,36.619668,127.326356,37.432,270054837,오송역종점,21
2026-10-09T23:52:57,293000283,세종70자1743,36.398774,127.310163,36.233,293055059,세종고속시외버스터미널,69
2026-10-09T23:53:27,293000282,세종70자1753,36.619668,127.326356,37.432,270054837,오송역종점,21
2026-10-09T23:53:27,293000283,세종70자1743,36.397065,127.311142,36.6,293055059,세종고속시외버스터미널,63
2026-10-09T23:53:58,293000283,세종70자1743,36.395839,127.31186,36.6,293055059,세종고속시외버스터미널,35
