line_name,section_name,brt_grade,region,length_km,station_count,total_cost,period_start,period_end,source_name,note
하남~천호 광역BRT,천호역~하남 창우동,HIGH,수도권,10.5,11,444,2006,2013,국토교통부 BRT 정책자료,시범사업
청라~강서 광역BRT,인천 청라~서울 화곡역,HIGH,수도권,23.1,17,983,2006,2015,국토교통부 BRT 정책자료,시범사업
대전역~와동IC 광역BRT,대전역~와동IC,HIGH,대전권,11.95,,767,2009,2015,국토교통부 BRT 정책자료,30대 선도프로젝트
성남~복정 광역BRT,복정역~남한산성입구,HIGH,수도권,10.2,,419,2022,2026,제4차 대도시권 광역교통시행계획,
올림픽대로 광역BRT(서부BTX),행주대교~당산역,HIGH,수도권,10.0,,496,2021,2025,제4차 대도시권 광역교통시행계획,
부산 하단~진해 용원 광역BRT,하단~진해 용원교차로,HIGH,부산울산권,15.9,,392,2021,2025,제4차 대도시권 광역교통시행계획,
세종~공주 광역BRT,행복도시~공주시내버스터미널,LOW,대전권,20.5,,159,2021,2025,제4차 대도시권 광역교통시행계획,
세종~청주 광역BRT,행복도시~청주대농지구,LOW,대전권,32.3,,58,2021,2025,제4차 대도시권 광역교통시행계획,기존도로 활용 비중 높음
세종 BRT,반석역~세종시~오송역,HIGH,대전권,31.2,,5409,2009,2012,국토교통부 BRT 정책정보,신도시 건설사업 포함 — 이상치 의심
대전역~세종 BRT,대전역~세종시~오송역,LOW,대전권,53.0,,740,2012,2016,국토교통부 BRT 정책정보,세종BRT와 22.3km 중복구간
