line_name,section_name,mode_type,region_class,length_km,station_count,underground_ratio,total_cost,base_year,period_start,period_end,source_name,note
인천도시철도1호선 건설사업,계양구 귤현역~연수구 동막역,HEAVY_METRO,CAPITAL,24.6,23,0.90,16900,,1993,2005,인천교통공사 홈페이지,지하비율 추정치 (공식 미공표)
인천도시철도1호선 계양역 건설사업,계양구 귤현역~계양역,HEAVY_METRO,CAPITAL,1.3,1,0.20,614,,2002,2007,인천교통공사 홈페이지,1.3km 단일역 추가 — 짧은 구간이라 km당 단가 이상치 / 지하비율 추정치 (공식 미공표)
인천도시철도1호선 송도국제도시 연장건설사업,연수구 동막역~송도송도랜드마크시티,HEAVY_METRO,CAPITAL,7.36,7,1.00,8210,,2003,2020,인천교통공사 홈페이지,지하비율 추정치 (공식 미공표)
인천도시철도1호선 검단연장 건설사업,계양역~검단신도시,HEAVY_METRO,CAPITAL,6.825,3,1.00,7277,,2017,2025,인천교통공사 홈페이지,지하비율 추정치 (공식 미공표)
서울지하철7호선 인천지역 연장건설사업,부평구 삼산근린공원~부평구청역,HEAVY_METRO,CAPITAL,2.37,3,1.00,3433,,2003,2012,인천교통공사 홈페이지,지하비율 추정치 (공식 미공표)
서울도시철도7호선 석남연장선 건설사업,부평구청역~서구 석남동,HEAVY_METRO,CAPITAL,4.165,2,1.00,3744,,2011,2021,인천교통공사 홈페이지,지하비율 추정치 (공식 미공표)
서울도시철도7호선 청라국제도시연장 건설사업,서구 석남동~공항철도 청라국제도시역,HEAVY_METRO,CAPITAL,10.767,8,0.70,15828,,2018,2029,인천교통공사 홈페이지,시공 중 — 계획 사업비 / 지하비율 추정치 (공식 미공표)
인천도시철도2호선 건설사업,서구 오류동~시청~남동구 인천대공원,LIGHT_RAIL,CAPITAL,29.2,27,0.95,22582,,2007,2016,인천교통공사 홈페이지,차량기지·주박기지 각 1개소 포함 / 지하비율 추정치 (공식 미공표)
김포도시철도,양촌역~김포공항역,LIGHT_RAIL,CAPITAL,23.67,10,1.00,15086,,2009,2019,국가철도공단 철도건설현황 + 전국도시철도노선정보,사업명 '김포도시철도 건설사업' 금액에 xlsx 연장·역수 결합 / 지하비율 추정치 (공식 미공표)
진접선,별내별가람역~진접역,HEAVY_METRO,CAPITAL,14.892,3,1.00,15479,,2010,2022,국가철도공단 철도건설현황 + 전국도시철도노선정보,사업명 '당고개~진접' 금액에 xlsx 연장·역수 결합 / 지하비율 추정치 (공식 미공표)
서울지하철9호선 3단계,종합운동장~중앙보훈병원,HEAVY_METRO,CAPITAL,9.14,8,1.00,12449,2014,2009,2016,서울특별시 (news.seoul.go.kr/citybuild/archives/200261),2014.12 기준 사업비 / 지하비율 추정치 (공식 미공표)
송파하남선(서울3호선 연장),오금~하남시청,HEAVY_METRO,CAPITAL,11.7,6,1.00,18356,,,2032,대한민국 정책브리핑 (korea.kr 148946338),기본계획 승인 — 계획 사업비 / 지하비율 추정치 (공식 미공표)
도봉산~옥정 광역철도(7호선 연장),도봉산~양주 고읍,HEAVY_METRO,CAPITAL,15.11,2,0.30,8935,,2019,2027,의정부시 홈페이지 (ui4u.go.kr),단선전철·기존선 0.99km 포함 — 복선 지하철과 구조가 달라 km당 단가 이상치 / 지하비율 추정치 (공식 미공표)
하단녹산선,하단~녹산국가산단,LIGHT_RAIL,METRO_C,13.47,11,0.90,11265,,,2029,부산광역시 보도자료 (busan.go.kr/nbtnewsBU/1532701),K-AGT 고무차륜 경전철·차량기지 1개소 포함 — 2022 예타 통과 사업비 / 지하비율 추정치 (공식 미공표)
용인경전철,기흥~전대·에버랜드,LIGHT_RAIL,CAPITAL,18.143,15,0.20,7278,2001,,,용인시청 홈페이지 (yongin.go.kr 용인경량전철 사업개요),2001.12.31 불변가 — 물가 미보정·차량기지 포함 / 지하비율 추정치 (공식 미공표)
위례선,마천~복정·남위례,TRAM,CAPITAL,5.4,12,0.00,3030,,,2026,철도경제신문 (redaily.co.kr 11648),당초 2614억에서 물가변동 142억·추가사업비 274억 증액·차량기지 포함 / 지하비율 추정치 (공식 미공표)
대전 도시철도 2호선,순환선 (서대전역 기점),TRAM,METRO_C,38.8,45,0.00,15069,,2014,2028,대전광역시 홈페이지 (daejeon.go.kr/djTram),실시설계 기준 사업비·차량기지 1개소 포함 / 지하비율 추정치 (공식 미공표)
서울 경전철 신림선,샛강~관악산,LIGHT_RAIL,CAPITAL,7.76,11,1.0,5606,,2015,2022,서울시 내 손안에 서울 (mediahub.seoul.go.kr),민자+재정 합산 사업비 / 지하비율 추정치 (공식 미공표)
서울 경전철 우이신설선,우이~신설동,LIGHT_RAIL,CAPITAL,11.4,13,1.0,9299,,2009,2017,서울시 내 손안에 서울 (mediahub.seoul.go.kr),전 구간 지하·지하 차량기지 / 지하비율 추정치 (공식 미공표)
동북선 도시철도,왕십리~상계,LIGHT_RAIL,CAPITAL,13.4,16,1.0,15963,,2020,2025,서울시 내 손안에 서울 (mediahub.seoul.go.kr archives/1269355),민자 총투자비 — 금융비용 포함 가능성 / 지하비율 추정치 (공식 미공표)
별내선(8호선 연장),암사~별내,HEAVY_METRO,CAPITAL,12.9,6,1.0,13916,,2016,2024,언론 보도 (경향신문·농민신문),서울시 공식 페이지에 사업비 미기재 / 지하비율 추정치 (공식 미공표)
하남선(5호선 연장),상일동~하남 창우동,HEAVY_METRO,CAPITAL,7.725,5,1.0,9909,,2014,2021,서울시 (news.seoul.go.kr/citybuild/archives/216202),지하비율 추정치 (공식 미공표)
광주 도시철도 2호선 1단계,시청~광주역,LIGHT_RAIL,METRO_C,17.005,20,0.9,7931,,2019,2026,광주광역시 사업계획 + 언론 보도,저심도 경전철 — 전체 3단계 41.891km/3조2060억 중 1단계 / 지하비율 추정치 (공식 미공표)
부산 도시철도 사상하단선,사상~하단,LIGHT_RAIL,METRO_C,6.9,6,1.0,5671,,2017,2027,부산광역시 보도자료 (busan.go.kr dataNo=56690),최근 8317억으로 증액 보도 — 착공 기준 금액 / 지하비율 추정치 (공식 미공표)
대구 도시철도 3호선,칠곡경대병원~용지,LIGHT_RAIL,METRO_C,23.689,30,0.0,14282,,2009,2015,언론 보도 (서울신문·이투데이),과좌식 모노레일 — 전 구간 고가 / 지하비율 추정치 (공식 미공표)
부산김해경전철,사상~가야대(김해),LIGHT_RAIL,METRO_C,23.455,21,0.1,7742,,2006,2011,부산역사문화대전 + 위키백과,민자 4819억 + 건설보조금 2923억 — 고가 위주 / 지하비율 추정치 (공식 미공표)
부산 도시철도 양산선,노포~양산 북정,LIGHT_RAIL,METRO_C,12.51,7,0.19,5558,,2019,2026,부산광역시 보도자료 (busan.go.kr dataNo=47249),K-AGT 고무차륜 — 지하 2.4km/지상 10.11km / 지하비율 추정치 (공식 미공표)
대구 도시철도 1호선 하양연장,안심~하양,HEAVY_METRO,METRO_C,8.89,3,0.3,3728,,2018,2024,언론 보도 (대구일보·철도경제신문),지상 구간 위주 / 지하비율 추정치 (공식 미공표)
부산 도시철도 1호선 다대연장,신평~다대포해수욕장,HEAVY_METRO,METRO_C,7.98,6,1.0,9590,,2009,2017,언론 보도 (이데일리·한국일보),지하비율 추정치 (공식 미공표)
