base_year,deflator,source
1990,41.698,World Bank NY.GDP.DEFL.ZS (KOR 2020=100)
1991,45.477,World Bank NY.GDP.DEFL.ZS (KOR 2020=100)
1992,49.000,World Bank NY.GDP.DEFL.ZS (KOR 2020=100)
1993,52.066,World Bank NY.GDP.DEFL.ZS (KOR 2020=100)
1994,56.281,World Bank NY.GDP.DEFL.ZS (KOR 2020=100)
1995,60.238,World Bank NY.GDP.DEFL.ZS (KOR 2020=100)
1996,62.637,World Bank NY.GDP.DEFL.ZS (KOR 2020=100)
1997,65.056,World Bank NY.GDP.DEFL.ZS (KOR 2020=100)
1998,67.982,World Bank NY.GDP.DEFL.ZS (KOR 2020=100)
1999,67.063,World Bank NY.GDP.DEFL.ZS (KOR 2020=100)
2000,67.689,World Bank NY.GDP.DEFL.ZS (KOR 2020=100)
2001,70.086,World Bank NY.GDP.DEFL.ZS (KOR 2020=100)
2002,72.195,World Bank NY.GDP.DEFL.ZS (KOR 2020=100)
2003,74.769,World Bank NY.GDP.DEFL.ZS (KOR 2020=100)
2004,77.207,World Bank NY.GDP.DEFL.ZS (KOR 2020=100)
2005,78.085,World Bank NY.GDP.DEFL.ZS (KOR 2020=100)
2006,77.958,World Bank NY.GDP.DEFL.ZS (KOR 2020=100)
2007,79.915,World Bank NY.GDP.DEFL.ZS (KOR 2020=100)
2008,82.264,World Bank NY.GDP.DEFL.ZS (KOR 2020=100)
2009,85.145,World Bank NY.GDP.DEFL.ZS (KOR 2020=100)
2010,87.460,World Bank NY.GDP.DEFL.ZS (KOR 2020=100)
2011,88.575,World Bank NY.GDP.DEFL.ZS (KOR 2020=100)
2012,89.719,World Bank NY.GDP.DEFL.ZS (KOR 2020=100)
2013,90.686,World Bank NY.GDP.DEFL.ZS (KOR 2020=100)
2014,91.639,World Bank NY.GDP.DEFL.ZS (KOR 2020=100)
2015,94.598,World Bank NY.GDP.DEFL.ZS (KOR 2020=100)
2016,96.549,World Bank NY.GDP.DEFL.ZS (KOR 2020=100)
2017,98.498,World Bank NY.GDP.DEFL.ZS (KOR 2020=100)
2018,99.056,World Bank NY.GDP.DEFL.ZS (KOR 2020=100)
2019,98.438,World Bank NY.GDP.DEFL.ZS (KOR 2020=100)
2020,100.000,World Bank NY.GDP.DEFL.ZS (KOR 2020=100)
2021,103.181,World Bank NY.GDP.DEFL.ZS (KOR 2020=100)
2022,105.046,World Bank NY.GDP.DEFL.ZS (KOR 2020=100)
2023,107.187,World Bank NY.GDP.DEFL.ZS (KOR 2020=100)
2024,111.546,World Bank NY.GDP.DEFL.ZS (KOR 2020=100)
2025,115.033,World Bank NY.GDP.DEFL.ZS (KOR 2020=100)
