line_name,section_name,station_count,underground_ratio,source_name
수도권광역급행철도(A노선),운정~삼성,6,1.0,언론·서울시 보도 (운정·킨텍스·대곡·연신내·서울역·삼성)
수도권광역급행철도(C노선),덕정~수원/상록수,14,1.0,언론 보도 (86.6km 14개 정거장)
용산~상봉 광역급행철도,용산~상봉,4,1.0,국토교통부 기본계획 고시 (용산·서울역·청량리·상봉)
삼성~동탄 광역급행철도,삼성~동탄,5,1.0,언론 보도 (39.7km 정거장 5개소)
신안산선,안산~여의도,15,1.0,안산시 철도사업안내 + 언론 보도
월곶판교선,월곶~판교,11,1.0,언론 보도 (신설 8 + 개량 3)
인덕원동탄선,인덕원~동탄,17,0.9,용인시·의왕시 사업안내
수서광주선,수서~광주,3,0.75,언론 보도 (신설 2 + 개량 1)
대장~홍대 광역철도,대장~홍대,12,1.0,언론 보도 (20.03km 정거장 12개소)
신분당선(광교~호매실),광교~호매실,5,1.0,수원시·언론 보도
가덕도신공항 접근철도,부산신항~신공항,1,0.98,가덕도신공항건설공단 (신공항정거장 1개소)
