mode,line,section,length_km,travel_min,speed_kmh,basis,use_for_median,source
HEAVY_METRO,서울 1호선,서울역~청량리,7.8,,26.0,실측,1,서울교통공사 표정속도 정보 (data.go.kr 15088952)
HEAVY_METRO,서울 2호선,성수~성수,60.2,,32.5,실측,1,서울교통공사 표정속도 정보 (data.go.kr 15088952)
HEAVY_METRO,서울 2호선 성수지선,성수~신설동,,,36.0,실측,0,본선과 중복 집계 — 중앙값에서 제외
HEAVY_METRO,서울 2호선 신정지선,신도림~까치산,,,32.7,실측,0,본선과 중복 집계 — 중앙값에서 제외
HEAVY_METRO,서울 3호선,지축~오금,38.2,,34.0,실측,1,서울교통공사 표정속도 정보 (data.go.kr 15088952)
HEAVY_METRO,서울 4호선,진접~남태령,45.4,,40.1,실측,1,서울교통공사 표정속도 정보 (data.go.kr 15088952)
HEAVY_METRO,서울 5호선,방화~마천/하남검단산,59.8,,32.8,실측,1,서울교통공사 표정속도 정보 (data.go.kr 15088952)
HEAVY_METRO,서울 6호선,응암순환~신내,36.3,,29.0,실측,1,서울교통공사 표정속도 정보 (data.go.kr 15088952)
HEAVY_METRO,서울 7호선,장암~온수,46.9,,32.3,실측,1,서울교통공사 표정속도 정보 (data.go.kr 15088952)
HEAVY_METRO,서울 8호선,별내~모란,30.6,,36.0,실측,1,서울교통공사 표정속도 정보 (data.go.kr 15088952)
HEAVY_METRO,인천 1호선,계양~송도달빛축제공원,37.1,65.0,34.2,실측,1,인천교통공사 운영개요 (ictr.or.kr)
HEAVY_METRO,부산 1호선,다대포해수욕장~노포,39.9,,30.69,실측,1,부산교통공사 전 호선 표정속도 정보 (data.go.kr 15142581)
HEAVY_METRO,부산 2호선,장산~양산,45.2,,31.91,실측,1,부산교통공사 전 호선 표정속도 정보 (data.go.kr 15142581)
HEAVY_METRO,부산 3호선,수영~대저,18.1,,31.94,실측,1,부산교통공사 전 호선 표정속도 정보 (data.go.kr 15142581)
LIGHT_RAIL,우이신설선,북한산우이~신설동,11.0,23.0,28.70,실측,1,서울시 (mediahub.seoul.go.kr) 13역 23분 + 국토부 운영현황 영업거리
LIGHT_RAIL,신림선,샛강~관악산,7.8,16.0,29.25,실측,1,서울시 (mediahub.seoul.go.kr) 16분 + 국토부 운영현황 영업거리
LIGHT_RAIL,인천 2호선,검단오류~운연,29.1,53.8,32.50,실측,1,인천교통공사 운영개요 (ictr.or.kr)
LIGHT_RAIL,부산 4호선,미남~안평,12.0,,28.80,실측,1,부산교통공사 전 호선 표정속도 정보 (data.go.kr 15142581)
LIGHT_RAIL,김포 골드라인,양촌~김포공항,23.59,32.0,45.08,실측,1,김포시청 김포도시철도 안내 (gimpo.go.kr) — 역간격 2.36km로 넓어 높게 나온다
TRAM,대전 2호선,서대전~정부청사,38.1,,22.06,설계,1,대전시 도시철도 2호선 추진계획 (daejeon.go.kr) — 미개통이라 설계값
DOUBLE_ELEC,신분당선,신사~광교,33.8,41.0,47.60,실측,1,신분당선(주) 사업분야 (shinbundang.co.kr) 표정속도 47.6 유지
DOUBLE_ELEC,GTX-A,운정중앙~서울역,32.3,21.5,90.14,실측,0,국토교통부 보도자료 (korea.kr) — 급행 전용이라 일반 광역과 성격이 달라 제외
DOUBLE_ELEC,GTX-A,수서~동탄,32.7,19.0,103.26,계획,0,국토교통부 (korea.kr) — 개통 전 예상치이고 급행 전용이라 제외
